KangQian2,KangQian2,Fund
KangQian2*8171216,8171216,Account
KangQian2*8171216*ChinaIndexFuturesA1500S.IF300,ChinaIndexFuturesA1500S.IF300,Strategy
KangQian2*8171216*ChinaIndexFuturesA1500S.IF300*CSI300@KangQian2@ChinaIndexFuturesA1500S.IF300@30101,CSI300@KangQian2@ChinaIndexFuturesA1500S.IF300@30101,Trader
KangQian2*8171216*Cn.Id807035.All_BN,Cn.Id807035.All_BN,Strategy
KangQian2*8171216*Cn.Id807035.All_BN*DLj_SQhc@KangQian2@Cn.Id807035.All_BN@59205,DLj_SQhc@KangQian2@Cn.Id807035.All_BN@59205,Trader
KangQian2*8171216*Cn.Id807035.All_BN*DLi_DLjm@KangQian2@Cn.Id807035.All_BN@59201,DLi_DLjm@KangQian2@Cn.Id807035.All_BN@59201,Trader
KangQian2*8171216*CnCom.Id807045.IhIfGlb_MRS,CnCom.Id807045.IhIfGlb_MRS,Strategy
KangQian2*8171216*CnCom.Id807045.IhIfGlb_MRS*SSE50_SgxCN@KangQian2@CnCom.Id807045.IhIfGlb_MRS@60115,SSE50_SgxCN@KangQian2@CnCom.Id807045.IhIfGlb_MRS@60115,Trader
KangQian2*8171216*CnCom.Id807045.IhIfGlb_MRS*CSI300_SgxCN@KangQian2@CnCom.Id807045.IhIfGlb_MRS@60107,CSI300_SgxCN@KangQian2@CnCom.Id807045.IhIfGlb_MRS@60107,Trader
KangQian2*8171216*CnCom.Id807045.IhIfGlb_MRS*SSE50_HHI@KangQian2@CnCom.Id807045.IhIfGlb_MRS@60110,SSE50_HHI@KangQian2@CnCom.Id807045.IhIfGlb_MRS@60110,Trader
KangQian2*8171216*CnCom.Id807045.IhIfGlb_MRS*CSI300_HHI@KangQian2@CnCom.Id807045.IhIfGlb_MRS@60101,CSI300_HHI@KangQian2@CnCom.Id807045.IhIfGlb_MRS@60101,Trader
KangQian2*8171216*Id807035.MFA_T0_B,Id807035.MFA_T0_B,Strategy
KangQian2*8171216*Id807035.MFA_T0_B*SQrb_SQhc@KangQian2@Id807035.MFA@26219,SQrb_SQhc@KangQian2@Id807035.MFA@26219,Trader
KangQian2*8171216*Id807035.MFA_T0_B*DLi_SQhc@KangQian2@Id807035.MFA@26203,DLi_SQhc@KangQian2@Id807035.MFA@26203,Trader
KangQian2*8171216*Id807035.MFA_T0_B*DLi_DLj@KangQian2@Id807035.MFA@26201,DLi_DLj@KangQian2@Id807035.MFA@26201,Trader
KangQian2*8171216*Id807035.MFA_T0_B*DLi_SQrb@KangQian2@Id807035.MFA@26204,DLi_SQrb@KangQian2@Id807035.MFA@26204,Trader
KangQian2*8171216*Id807035.MFA_T0_C,Id807035.MFA_T0_C,Strategy
KangQian2*8171216*Id807035.MFA_T0_C*ZZTA_SQru@KangQian2@Id807035.MFA@26317,ZZTA_SQru@KangQian2@Id807035.MFA@26317,Trader
KangQian2*8171216*Id807035.MFA_T0_C*ZZTA_SQbu@KangQian2@Id807035.MFA@26316,ZZTA_SQbu@KangQian2@Id807035.MFA@26316,Trader
KangQian2*8171216*Id807035.MFA_T0_C*ZZMA_SQru@KangQian2@Id807035.MFA@26315,ZZMA_SQru@KangQian2@Id807035.MFA@26315,Trader
KangQian2*8171216*Id807035.MFA_T0_C*ZZMA_SQbu@KangQian2@Id807035.MFA@26314,ZZMA_SQbu@KangQian2@Id807035.MFA@26314,Trader
KangQian2*8171216*Id807035.MFA_T0_C*DLl_SQru@KangQian2@Id807035.MFA@26303,DLl_SQru@KangQian2@Id807035.MFA@26303,Trader
KangQian2*8171216*Id807035.MFA_T0_C*ZZTA_ZZMA@KangQian2@Id807035.MFA@26318,ZZTA_ZZMA@KangQian2@Id807035.MFA@26318,Trader
KangQian2*8171216*Id807035.MFA_T0_C*DLl_ZZTA@KangQian2@Id807035.MFA@26304,DLl_ZZTA@KangQian2@Id807035.MFA@26304,Trader
KangQian2*8171216*Id807035.MFA_T0_C*DLpp_ZZTA@KangQian2@Id807035.MFA@26307,DLpp_ZZTA@KangQian2@Id807035.MFA@26307,Trader
KangQian2*8171216*Id807035.MFA_T0_C*SQbu_SQru@KangQian2@Id807035.MFA@26313,SQbu_SQru@KangQian2@Id807035.MFA@26313,Trader
KangQian2*8171216*Id807035.MFA_T0_C*DLpp_SQru@KangQian2@Id807035.MFA@26306,DLpp_SQru@KangQian2@Id807035.MFA@26306,Trader
KangQian2*8171216*Id807035.MFA_T0_C*DLv_ZZTA@KangQian2@Id807035.MFA@26312,DLv_ZZTA@KangQian2@Id807035.MFA@26312,Trader
KangQian2*8171216*CnCom.Id007969.IntraSC,CnCom.Id007969.IntraSC,Strategy
KangQian2*8171216*CnCom.Id007969.IntraSC*SQsc@KangQian2@CnCom.Id007969.IntraSC@26501,SQsc@KangQian2@CnCom.Id007969.IntraSC@26501,Trader
KangQian2*8171216*Id007969_IntraCom2,Id007969_IntraCom2,Strategy
KangQian2*8171216*Id007969_IntraCom2*SQhc@KangQian2@Id007969_IntraCom2@60713,SQhc@KangQian2@Id007969_IntraCom2@60713,Trader
KangQian2*8171216*Id007969_IntraCom2*DLl@KangQian2@Id007969_IntraCom2@60704,DLl@KangQian2@Id007969_IntraCom2@60704,Trader
KangQian2*8171216*Id007969_IntraCom2*ZZTA@KangQian2@Id007969_IntraCom2@60725,ZZTA@KangQian2@Id007969_IntraCom2@60725,Trader
KangQian2*8171216*Id007969_IntraCom2*SQal@KangQian2@Id007969_IntraCom2@60710,SQal@KangQian2@Id007969_IntraCom2@60710,Trader
KangQian2*8171216*Id007969_IntraCom2*DLj@KangQian2@Id007969_IntraCom2@60703,DLj@KangQian2@Id007969_IntraCom2@60703,Trader
KangQian2*8171216*Id007969_IntraCom2*DLpp@KangQian2@Id007969_IntraCom2@60706,DLpp@KangQian2@Id007969_IntraCom2@60706,Trader
KangQian2*8171216*Id007969_IntraCom2*SQru@KangQian2@Id007969_IntraCom2@60716,SQru@KangQian2@Id007969_IntraCom2@60716,Trader
KangQian2*8171216*Id007969_IntraCom2*ZZRM@KangQian2@Id007969_IntraCom2@60722,ZZRM@KangQian2@Id007969_IntraCom2@60722,Trader
KangQian2*8171216*Id007969_IntraCom2*DLm@KangQian2@Id007969_IntraCom2@60705,DLm@KangQian2@Id007969_IntraCom2@60705,Trader
KangQian2*8171216*Id007969_IntraCom2*DLa@KangQian2@Id007969_IntraCom2@60701,DLa@KangQian2@Id007969_IntraCom2@60701,Trader
KangQian2*8171216*Id007969_IntraCom2*ZZSM@KangQian2@Id007969_IntraCom2@60723,ZZSM@KangQian2@Id007969_IntraCom2@60723,Trader
KangQian2*8171216*Id007969_IntraCom2*ZZMA@KangQian2@Id007969_IntraCom2@60720,ZZMA@KangQian2@Id007969_IntraCom2@60720,Trader
KangQian2*8171216*Cn.Id807035.All_AN,Cn.Id807035.All_AN,Strategy
KangQian2*8171216*Cn.Id807035.All_AN*DLp_ZZOI@KangQian2@Cn.Id807035.All_AN@59103,DLp_ZZOI@KangQian2@Cn.Id807035.All_AN@59103,Trader
KangQian2*8171216*Cn.Id807035.All_AN*DLp_DLy@KangQian2@Cn.Id807035.All_AN@59102,DLp_DLy@KangQian2@Cn.Id807035.All_AN@59102,Trader
KangQian2*8171216*CSI.Id007969.S0Intra,CSI.Id007969.S0Intra,Strategy
KangQian2*8171216*CSI.Id007969.S0Intra*CSI300@KangQian2@CSI.Id007969.S0Intra@59801,CSI300@KangQian2@CSI.Id007969.S0Intra@59801,Trader
KangQian2*8171216*CSI.Id007969.S0Intra*CSI500@KangQian2@CSI.Id007969.S0Intra@59802,CSI500@KangQian2@CSI.Id007969.S0Intra@59802,Trader
KangQian2*8171216*CSI.Id007969.S0Intra*SSE50@KangQian2@CSI.Id007969.S0Intra@59803,SSE50@KangQian2@CSI.Id007969.S0Intra@59803,Trader
KangQian2*8171216*CnCom.Id807035.CalArbAll2N,CnCom.Id807035.CalArbAll2N,Strategy
KangQian2*8171216*CnCom.Id807035.CalArbAll2N*DLp@KangQian2@CnCom.Id807035.CalArbAll2N@58702,DLp@KangQian2@CnCom.Id807035.CalArbAll2N@58702,Trader
KangQian2*8171216*CnCom.Id807035.CalArbAll2N*DLy@KangQian2@CnCom.Id807035.CalArbAll2N@58705,DLy@KangQian2@CnCom.Id807035.CalArbAll2N@58705,Trader
KangQian2*8171216*CnCom.Id807035.CalArbAll2N*DLp@KangQian2@CnCom.Id807035.CalArbAll2N@58701,DLp@KangQian2@CnCom.Id807035.CalArbAll2N@58701,Trader
QiuShi1,QiuShi1,Fund
QiuShi1*11220005,11220005,Account
QiuShi1*11220005*CnCom.Id807012.BuFu3_V5L1,CnCom.Id807012.BuFu3_V5L1,Strategy
QiuShi1*11220005*CnCom.Id807012.BuFu3_V5L1*SQfu_CL@QiuShi1@CnCom.Id807012.BuFu3_V5L1@30413,SQfu_CL@QiuShi1@CnCom.Id807012.BuFu3_V5L1@30413,Trader
QiuShi1*11220005*CnCom.Id807012.BuFu3_V5L1*SQfu_SQsc@QiuShi1@CnCom.Id807012.BuFu3_V5L1@30417,SQfu_SQsc@QiuShi1@CnCom.Id807012.BuFu3_V5L1@30417,Trader
QiuShi1*11220005*CnCom.Id807012.BuFu3_V5L1*SQbu_BZ@QiuShi1@CnCom.Id807012.BuFu3_V5L1@30401,SQbu_BZ@QiuShi1@CnCom.Id807012.BuFu3_V5L1@30401,Trader
QiuShi1*11220005*CnCom.Id807012.BuFu3_V5L1*SQfu_BZ@QiuShi1@CnCom.Id807012.BuFu3_V5L1@30410,SQfu_BZ@QiuShi1@CnCom.Id807012.BuFu3_V5L1@30410,Trader
QiuShi1*11220005*CnCom.Id807012.BuFu3_V5L1*SQbu_CL@QiuShi1@CnCom.Id807012.BuFu3_V5L1@30405,SQbu_CL@QiuShi1@CnCom.Id807012.BuFu3_V5L1@30405,Trader
QiuShi1*11220005*CnCom.Id807012.BuFu3_V5L1*SQfu_CL@QiuShi1@CnCom.Id807012.BuFu3_V5L1@30414,SQfu_CL@QiuShi1@CnCom.Id807012.BuFu3_V5L1@30414,Trader
QiuShi1*11220005*CnCom.Id807012.BuFu3_V5L1*SQbu_SQsc@QiuShi1@CnCom.Id807012.BuFu3_V5L1@30408,SQbu_SQsc@QiuShi1@CnCom.Id807012.BuFu3_V5L1@30408,Trader
QiuShi1*11220005*CnCom.Id807012.BuFu3_V5L1*SQbu_CL@QiuShi1@CnCom.Id807012.BuFu3_V5L1@30404,SQbu_CL@QiuShi1@CnCom.Id807012.BuFu3_V5L1@30404,Trader
QiuShi1*11220005*CnCom.Id807012.BuFu3_V5L1*SQbu_SQsc@QiuShi1@CnCom.Id807012.BuFu3_V5L1@30407,SQbu_SQsc@QiuShi1@CnCom.Id807012.BuFu3_V5L1@30407,Trader
QiuShi1*11220005*CnCom.Id807012.BuFu3_V5L1*SQbu_SQsc@QiuShi1@CnCom.Id807012.BuFu3_V5L1@30409,SQbu_SQsc@QiuShi1@CnCom.Id807012.BuFu3_V5L1@30409,Trader
QiuShi1*11220005*CnCom.Id807012.BuFu3_V5L1*SQbu_BZ@QiuShi1@CnCom.Id807012.BuFu3_V5L1@30402,SQbu_BZ@QiuShi1@CnCom.Id807012.BuFu3_V5L1@30402,Trader
QiuShi1*11220005*CnCom.Id807012.BuFu3_V5L1*SQfu_BZ@QiuShi1@CnCom.Id807012.BuFu3_V5L1@30411,SQfu_BZ@QiuShi1@CnCom.Id807012.BuFu3_V5L1@30411,Trader
QiuShi1*11220005*CnCom.Id807012.BuFu3_V5L1*SQfu_SQsc@QiuShi1@CnCom.Id807012.BuFu3_V5L1@30416,SQfu_SQsc@QiuShi1@CnCom.Id807012.BuFu3_V5L1@30416,Trader
QiuShi1*11220005*CnCom.Id807012.BuFu3_V5L1*SQbu_CL@QiuShi1@CnCom.Id807012.BuFu3_V5L1@30406,SQbu_CL@QiuShi1@CnCom.Id807012.BuFu3_V5L1@30406,Trader
QiuShi1*11220005*CnCom.Id807012.BuFu3_V5L1*SQbu_BZ@QiuShi1@CnCom.Id807012.BuFu3_V5L1@30403,SQbu_BZ@QiuShi1@CnCom.Id807012.BuFu3_V5L1@30403,Trader
QiuShi1*11220005*CnCom.Id807012.BuFu3_V5L1N,CnCom.Id807012.BuFu3_V5L1N,Strategy
QiuShi1*11220005*CnCom.Id807012.BuFu3_V5L1N*SQfu_SQsc@QiuShi1@CnCom.Id807012.BuFu3_V5L1N@30417,SQfu_SQsc@QiuShi1@CnCom.Id807012.BuFu3_V5L1N@30417,Trader
QiuShi1*11220005*CnCom.Id807012.BuFu3_V5L1N*SQfu_BZ@QiuShi1@CnCom.Id807012.BuFu3_V5L1N@30410,SQfu_BZ@QiuShi1@CnCom.Id807012.BuFu3_V5L1N@30410,Trader
QiuShi1*11220005*CnCom.Id807012.BuFu3_V5L1N*SQbu_BZ@QiuShi1@CnCom.Id807012.BuFu3_V5L1N@30401,SQbu_BZ@QiuShi1@CnCom.Id807012.BuFu3_V5L1N@30401,Trader
QiuShi1*11220005*CnCom.Id807012.BuFu3_V5L1N*SQbu_CL@QiuShi1@CnCom.Id807012.BuFu3_V5L1N@30406,SQbu_CL@QiuShi1@CnCom.Id807012.BuFu3_V5L1N@30406,Trader
QiuShi1*11220005*CnCom.Id807012.BuFu3_V5L1N*SQbu_SQsc@QiuShi1@CnCom.Id807012.BuFu3_V5L1N@30408,SQbu_SQsc@QiuShi1@CnCom.Id807012.BuFu3_V5L1N@30408,Trader
QiuShi1*11220005*CnCom.Id807012.BuFu3_V5L1N*SQfu_CL@QiuShi1@CnCom.Id807012.BuFu3_V5L1N@30413,SQfu_CL@QiuShi1@CnCom.Id807012.BuFu3_V5L1N@30413,Trader
QiuShi1*11220005*CnCom.Id807012.BuFu3_V5L1N*SQbu_BZ@QiuShi1@CnCom.Id807012.BuFu3_V5L1N@30403,SQbu_BZ@QiuShi1@CnCom.Id807012.BuFu3_V5L1N@30403,Trader
QiuShi1*11220005*CnCom.Id807012.BuFu3_V5L1N*SQfu_CL@QiuShi1@CnCom.Id807012.BuFu3_V5L1N@30414,SQfu_CL@QiuShi1@CnCom.Id807012.BuFu3_V5L1N@30414,Trader
QiuShi1*11220005*CnCom.Id807012.BuFu3_V5L1N*SQfu_SQsc@QiuShi1@CnCom.Id807012.BuFu3_V5L1N@30416,SQfu_SQsc@QiuShi1@CnCom.Id807012.BuFu3_V5L1N@30416,Trader
QiuShi1*11220005*CnCom.Id807012.BuFu3_V5L1N*SQbu_SQsc@QiuShi1@CnCom.Id807012.BuFu3_V5L1N@30409,SQbu_SQsc@QiuShi1@CnCom.Id807012.BuFu3_V5L1N@30409,Trader
QiuShi1*11220005*CnCom.Id807012.BuFu3_V5L1N*SQbu_CL@QiuShi1@CnCom.Id807012.BuFu3_V5L1N@30405,SQbu_CL@QiuShi1@CnCom.Id807012.BuFu3_V5L1N@30405,Trader
QiuShi1*11220005*CnCom.Id807012.BuFu3_V5L1N*SQbu_SQsc@QiuShi1@CnCom.Id807012.BuFu3_V5L1N@30407,SQbu_SQsc@QiuShi1@CnCom.Id807012.BuFu3_V5L1N@30407,Trader
QiuShi1*11220005*CnCom.Id807012.BuFu3_V5L1N*SQbu_BZ@QiuShi1@CnCom.Id807012.BuFu3_V5L1N@30402,SQbu_BZ@QiuShi1@CnCom.Id807012.BuFu3_V5L1N@30402,Trader
QiuShi1*11220005*CnCom.Id807012.BuFu3_V5L1N*SQfu_BZ@QiuShi1@CnCom.Id807012.BuFu3_V5L1N@30411,SQfu_BZ@QiuShi1@CnCom.Id807012.BuFu3_V5L1N@30411,Trader
QiuShi1*11220005*CnCom.Id807012.BuFu3_V5L1N*SQbu_CL@QiuShi1@CnCom.Id807012.BuFu3_V5L1N@30404,SQbu_CL@QiuShi1@CnCom.Id807012.BuFu3_V5L1N@30404,Trader
QiuShi1*11220005*Id807045.BuFu3_V5L1,Id807045.BuFu3_V5L1,Strategy
QiuShi1*11220005*Id807045.BuFu3_V5L1*SQbu_SQsc@QiuShi1@Id807045.BuFu3_V5L1@29807,SQbu_SQsc@QiuShi1@Id807045.BuFu3_V5L1@29807,Trader
QiuShi1*11220005*Id807045.BuFu3_V5L1*SQfu_SQsc@QiuShi1@Id807045.BuFu3_V5L1@29816,SQfu_SQsc@QiuShi1@Id807045.BuFu3_V5L1@29816,Trader
QiuShi1*11220005*Id807045.BuFu3_V5L1*SQbu_CL@QiuShi1@Id807045.BuFu3_V5L1@29805,SQbu_CL@QiuShi1@Id807045.BuFu3_V5L1@29805,Trader
QiuShi1*11220005*Id807045.BuFu3_V5L1*SQfu_BZ@QiuShi1@Id807045.BuFu3_V5L1@29811,SQfu_BZ@QiuShi1@Id807045.BuFu3_V5L1@29811,Trader
QiuShi1*11220005*Id807045.BuFu3_V5L1*SQbu_CL@QiuShi1@Id807045.BuFu3_V5L1@29804,SQbu_CL@QiuShi1@Id807045.BuFu3_V5L1@29804,Trader
QiuShi1*11220005*Id807045.BuFu3_V5L1*SQbu_BZ@QiuShi1@Id807045.BuFu3_V5L1@29802,SQbu_BZ@QiuShi1@Id807045.BuFu3_V5L1@29802,Trader
QiuShi1*11220005*Id807045.BuFu3_V5L1*SQbu_BZ@QiuShi1@Id807045.BuFu3_V5L1@29801,SQbu_BZ@QiuShi1@Id807045.BuFu3_V5L1@29801,Trader
QiuShi1*11220005*Id807045.BuFu3_V5L1*SQbu_SQsc@QiuShi1@Id807045.BuFu3_V5L1@29809,SQbu_SQsc@QiuShi1@Id807045.BuFu3_V5L1@29809,Trader
QiuShi1*11220005*Id807045.BuFu3_V5L1*SQfu_CL@QiuShi1@Id807045.BuFu3_V5L1@29813,SQfu_CL@QiuShi1@Id807045.BuFu3_V5L1@29813,Trader
QiuShi1*11220005*Id807045.BuFu3_V5L1*SQfu_BZ@QiuShi1@Id807045.BuFu3_V5L1@29810,SQfu_BZ@QiuShi1@Id807045.BuFu3_V5L1@29810,Trader
QiuShi1*11220005*Id807045.BuFu3_V5L1*SQfu_SQsc@QiuShi1@Id807045.BuFu3_V5L1@29817,SQfu_SQsc@QiuShi1@Id807045.BuFu3_V5L1@29817,Trader
QiuShi1*11220005*Id807045.BuFu3_V5L1*SQfu_CL@QiuShi1@Id807045.BuFu3_V5L1@29814,SQfu_CL@QiuShi1@Id807045.BuFu3_V5L1@29814,Trader
QiuShi1*11220005*Id807045.BuFu3_V5L1*SQbu_SQsc@QiuShi1@Id807045.BuFu3_V5L1@29808,SQbu_SQsc@QiuShi1@Id807045.BuFu3_V5L1@29808,Trader
QiuShi1*11220005*Id807045.ScBz3_V5L1N,Id807045.ScBz3_V5L1N,Strategy
QiuShi1*11220005*Id807045.ScBz3_V5L1N*SQsc_BZ@QiuShi1@Id807045.ScBz3_V5L1N@29501,SQsc_BZ@QiuShi1@Id807045.ScBz3_V5L1N@29501,Trader
QiuShi1*11220005*Id807045.ScBz3_V5L1N*SQsc_BZ@QiuShi1@Id807045.ScBz3_V5L1N@29502,SQsc_BZ@QiuShi1@Id807045.ScBz3_V5L1N@29502,Trader
QiuShi1*11220005*Id807045.ScBz3_V5L1N*SQsc_BZ@QiuShi1@Id807045.ScBz3_V5L1N@29503,SQsc_BZ@QiuShi1@Id807045.ScBz3_V5L1N@29503,Trader
QiuShi1*11220005*CnCom.Id807045.BuFuSc2L1N,CnCom.Id807045.BuFuSc2L1N,Strategy
QiuShi1*11220005*CnCom.Id807045.BuFuSc2L1N*SQsc_BZ@QiuShi1@CnCom.Id807045.BuFuSc2L1N@59722,SQsc_BZ@QiuShi1@CnCom.Id807045.BuFuSc2L1N@59722,Trader
QiuShi1*11220005*CnCom.Id807045.BuFuSc2L1N*SQsc_CL@QiuShi1@CnCom.Id807045.BuFuSc2L1N@59725,SQsc_CL@QiuShi1@CnCom.Id807045.BuFuSc2L1N@59725,Trader
QiuShi1*11220005*CnCom.Id807045.BuFuSc2L1N*SQsc_BRN@QiuShi1@CnCom.Id807045.BuFuSc2L1N@59719,SQsc_BRN@QiuShi1@CnCom.Id807045.BuFuSc2L1N@59719,Trader
QiuShi1*11220005*CnCom.Id807045.BuFuSc2L1N*SQfu_SQsc@QiuShi1@CnCom.Id807045.BuFuSc2L1N@59716,SQfu_SQsc@QiuShi1@CnCom.Id807045.BuFuSc2L1N@59716,Trader
QiuShi1*11220005*CnCom.Id807045.BuFuSc2L1N*SQfu_CL@QiuShi1@CnCom.Id807045.BuFuSc2L1N@59713,SQfu_CL@QiuShi1@CnCom.Id807045.BuFuSc2L1N@59713,Trader
QiuShi1*11220005*CnCom.Id807045.BuFuSc2L1N*SQfu_BZ@QiuShi1@CnCom.Id807045.BuFuSc2L1N@59710,SQfu_BZ@QiuShi1@CnCom.Id807045.BuFuSc2L1N@59710,Trader
QiuShi1*11220005*Id807045.BuFu3_V5L1N,Id807045.BuFu3_V5L1N,Strategy
QiuShi1*11220005*Id807045.BuFu3_V5L1N*SQbu_SQsc@QiuShi1@Id807045.BuFu3_V5L1N@29807,SQbu_SQsc@QiuShi1@Id807045.BuFu3_V5L1N@29807,Trader
QiuShi1*11220005*Id807045.BuFu3_V5L1N*SQfu_CL@QiuShi1@Id807045.BuFu3_V5L1N@29813,SQfu_CL@QiuShi1@Id807045.BuFu3_V5L1N@29813,Trader
QiuShi1*11220005*Id807045.BuFu3_V5L1N*SQfu_BZ@QiuShi1@Id807045.BuFu3_V5L1N@29810,SQfu_BZ@QiuShi1@Id807045.BuFu3_V5L1N@29810,Trader
QiuShi1*11220005*Id807045.BuFu3_V5L1N*SQfu_SQsc@QiuShi1@Id807045.BuFu3_V5L1N@29816,SQfu_SQsc@QiuShi1@Id807045.BuFu3_V5L1N@29816,Trader
QiuShi1*11220005*Id807045.BuFu3_V5L1N*SQfu_SQsc@QiuShi1@Id807045.BuFu3_V5L1N@29817,SQfu_SQsc@QiuShi1@Id807045.BuFu3_V5L1N@29817,Trader
QiuShi1*11220005*Id807045.BuFu3_V5L1N*SQbu_SQsc@QiuShi1@Id807045.BuFu3_V5L1N@29808,SQbu_SQsc@QiuShi1@Id807045.BuFu3_V5L1N@29808,Trader
QiuShi1*11220005*Id807045.BuFu3_V5L1N*SQbu_SQsc@QiuShi1@Id807045.BuFu3_V5L1N@29809,SQbu_SQsc@QiuShi1@Id807045.BuFu3_V5L1N@29809,Trader
QiuShi1*11220005*Id807045.ScCl_V5L1,Id807045.ScCl_V5L1,Strategy
QiuShi1*11220005*Id807045.ScCl_V5L1*SQsc_CL@QiuShi1@Id807045.ScCl_V5L1@29602,SQsc_CL@QiuShi1@Id807045.ScCl_V5L1@29602,Trader
QiuShi1*11220005*Id807045.ScCl_V5L1*SQsc_CL@QiuShi1@Id807045.ScCl_V5L1@29601,SQsc_CL@QiuShi1@Id807045.ScCl_V5L1@29601,Trader
QiuShi1*11220005*Id807045.ScCl_V5L1*SQsc_CL@QiuShi1@Id807045.ScCl_V5L1@29603,SQsc_CL@QiuShi1@Id807045.ScCl_V5L1@29603,Trader
QiuShi1*11220005*CnCom.Id807045.BuFuSc2L1,CnCom.Id807045.BuFuSc2L1,Strategy
QiuShi1*11220005*CnCom.Id807045.BuFuSc2L1*SQsc_CL@QiuShi1@CnCom.Id807045.BuFuSc2L1@59507,SQsc_CL@QiuShi1@CnCom.Id807045.BuFuSc2L1@59507,Trader
QiuShi1*11220005*CnCom.Id807045.BuFuSc2L1*SQsc_BZ@QiuShi1@CnCom.Id807045.BuFuSc2L1@59504,SQsc_BZ@QiuShi1@CnCom.Id807045.BuFuSc2L1@59504,Trader
QiuShi1*11220005*CnCom.Id807045.BuFuSc2L1*SQsc_BRN@QiuShi1@CnCom.Id807045.BuFuSc2L1@59501,SQsc_BRN@QiuShi1@CnCom.Id807045.BuFuSc2L1@59501,Trader
QiuShi1*11220005*CnCom.Id807045.IhIfIcIdxL1,CnCom.Id807045.IhIfIcIdxL1,Strategy
QiuShi1*11220005*CnCom.Id807045.IhIfIcIdxL1*SSE50_IdxSse50@QiuShi1@CnCom.Id807045.IhIfIcIdxL1@60511,SSE50_IdxSse50@QiuShi1@CnCom.Id807045.IhIfIcIdxL1@60511,Trader
QiuShi1*11220005*CnCom.Id807045.IhIfIcIdxL1*CSI300_IdxCsi300@QiuShi1@CnCom.Id807045.IhIfIcIdxL1@60501,CSI300_IdxCsi300@QiuShi1@CnCom.Id807045.IhIfIcIdxL1@60501,Trader
QiuShi1*11220005*CnCom.Id807045.IhIfIcIdxL1*SSE50_IdxSse50@QiuShi1@CnCom.Id807045.IhIfIcIdxL1@60510,SSE50_IdxSse50@QiuShi1@CnCom.Id807045.IhIfIcIdxL1@60510,Trader
QiuShi1*11220005*CnCom.Id807045.IhIfIcIdxL1*CSI300_IdxsCsi300@QiuShi1@CnCom.Id807045.IhIfIcIdxL1@60504,CSI300_IdxsCsi300@QiuShi1@CnCom.Id807045.IhIfIcIdxL1@60504,Trader
QiuShi1*11220005*CnCom.Id807045.IhIfIcIdxL1*CSI500_IdxCsi500@QiuShi1@CnCom.Id807045.IhIfIcIdxL1@60507,CSI500_IdxCsi500@QiuShi1@CnCom.Id807045.IhIfIcIdxL1@60507,Trader
QiuShi1*11220005*CnCom.Id807012.ComQSL1,CnCom.Id807012.ComQSL1,Strategy
QiuShi1*11220005*CnCom.Id807012.ComQSL1*DLy_ZZOI@QiuShi1@CnCom.Id807012.ComQSL1@60607,DLy_ZZOI@QiuShi1@CnCom.Id807012.ComQSL1@60607,Trader
QiuShi1*11220005*CnCom.Id807012.ComQSL1*SQhc_SQrb@QiuShi1@CnCom.Id807012.ComQSL1@60608,SQhc_SQrb@QiuShi1@CnCom.Id807012.ComQSL1@60608,Trader
QiuShi1*11220005*CnCom.Id807012.ComQSL1*DLc_DLcs@QiuShi1@CnCom.Id807012.ComQSL1@60602,DLc_DLcs@QiuShi1@CnCom.Id807012.ComQSL1@60602,Trader
QiuShi1*11220005*CnCom.Id807012.ComQSL1*DLl_DLpp@QiuShi1@CnCom.Id807012.ComQSL1@60605,DLl_DLpp@QiuShi1@CnCom.Id807012.ComQSL1@60605,Trader
QiuShi1*11220005*CnCom.Id807012.ComQSL1*SQrb_SQhc@QiuShi1@CnCom.Id807012.ComQSL1@60609,SQrb_SQhc@QiuShi1@CnCom.Id807012.ComQSL1@60609,Trader
QiuShi1*11220005*CnCom.Id807012.ComQSL1*ZZOI_DLy@QiuShi1@CnCom.Id807012.ComQSL1@60610,ZZOI_DLy@QiuShi1@CnCom.Id807012.ComQSL1@60610,Trader
QiuShi1*11220005*CnCom.Id807012.ComQSL1*DLcs_DLc@QiuShi1@CnCom.Id807012.ComQSL1@60601,DLcs_DLc@QiuShi1@CnCom.Id807012.ComQSL1@60601,Trader
QiuShi1*11220005*CnCom.Id807012.ComQSL1*DLpp_DLl@QiuShi1@CnCom.Id807012.ComQSL1@60606,DLpp_DLl@QiuShi1@CnCom.Id807012.ComQSL1@60606,Trader
QiuShi1*11220005*Cn.Id807012.CnLmeAllL1N,Cn.Id807012.CnLmeAllL1N,Strategy
QiuShi1*11220005*Cn.Id807012.CnLmeAllL1N*SQzn_LmeZS@QiuShi1@Cn.Id807012.CnLmeAllL1N@26815,SQzn_LmeZS@QiuShi1@Cn.Id807012.CnLmeAllL1N@26815,Trader
QiuShi1*11220005*Cn.Id807012.CnLmeAllL1N*SQni_LmeNI@QiuShi1@Cn.Id807012.CnLmeAllL1N@26806,SQni_LmeNI@QiuShi1@Cn.Id807012.CnLmeAllL1N@26806,Trader
QiuShi1*11220005*Cn.Id807012.CnLmeAllL1N*SQal_LmeAH@QiuShi1@Cn.Id807012.CnLmeAllL1N@26803,SQal_LmeAH@QiuShi1@Cn.Id807012.CnLmeAllL1N@26803,Trader
QiuShi1*11220005*Cn.Id807012.CnLmeAllL1N*SQsn_LmeCA@QiuShi1@Cn.Id807012.CnLmeAllL1N@26812,SQsn_LmeCA@QiuShi1@Cn.Id807012.CnLmeAllL1N@26812,Trader
QiuShi1*11220005*Cn.Id807012.CnLmeAllL1N*SQpb_LmePB@QiuShi1@Cn.Id807012.CnLmeAllL1N@26809,SQpb_LmePB@QiuShi1@Cn.Id807012.CnLmeAllL1N@26809,Trader
QiuShi1*11220005*CnCom.Id807045.ScBrn3_V5L1N,CnCom.Id807045.ScBrn3_V5L1N,Strategy
QiuShi1*11220005*CnCom.Id807045.ScBrn3_V5L1N*SQsc_BRN@QiuShi1@CnCom.Id807045.ScBrn3_V5L1N@29902,SQsc_BRN@QiuShi1@CnCom.Id807045.ScBrn3_V5L1N@29902,Trader
QiuShi1*11220005*CnCom.Id807045.ScBrn3_V5L1N*SQsc_BRN@QiuShi1@CnCom.Id807045.ScBrn3_V5L1N@29903,SQsc_BRN@QiuShi1@CnCom.Id807045.ScBrn3_V5L1N@29903,Trader
QiuShi1*11220005*CnCom.Id807045.ScBrn3_V5L1N*SQsc_BRN@QiuShi1@CnCom.Id807045.ScBrn3_V5L1N@29901,SQsc_BRN@QiuShi1@CnCom.Id807045.ScBrn3_V5L1N@29901,Trader
QiuShi1*11220005*CnCom.Id807012.ScCalAll,CnCom.Id807012.ScCalAll,Strategy
QiuShi1*11220005*CnCom.Id807012.ScCalAll*SQsc@QiuShi1@CnCom.Id807012.ScCalAll@30601,SQsc@QiuShi1@CnCom.Id807012.ScCalAll@30601,Trader
QiuShi1*11220005*CnCom.Id807012.ScCalAll*SQsc@QiuShi1@CnCom.Id807012.ScCalAll@30602,SQsc@QiuShi1@CnCom.Id807012.ScCalAll@30602,Trader
QiuShi1*11220005*CnCom.Id807045.ScCl_V5L1N,CnCom.Id807045.ScCl_V5L1N,Strategy
QiuShi1*11220005*CnCom.Id807045.ScCl_V5L1N*SQsc_CL@QiuShi1@CnCom.Id807045.ScCl_V5L1N@29603,SQsc_CL@QiuShi1@CnCom.Id807045.ScCl_V5L1N@29603,Trader
QiuShi1*11220005*CnCom.Id807012.ComQSF2L1,CnCom.Id807012.ComQSF2L1,Strategy
QiuShi1*11220005*CnCom.Id807012.ComQSF2L1*ZZRM_DLm@QiuShi1@CnCom.Id807012.ComQSF2L1@61104,ZZRM_DLm@QiuShi1@CnCom.Id807012.ComQSF2L1@61104,Trader
QiuShi1*11220005*CnCom.Id807012.ComQSF2L1*DLm_ZZRM@QiuShi1@CnCom.Id807012.ComQSF2L1@61101,DLm_ZZRM@QiuShi1@CnCom.Id807012.ComQSF2L1@61101,Trader
QiuShi1*11220005*CnCom.Id807045.IhIfGlb_MRS,CnCom.Id807045.IhIfGlb_MRS,Strategy
QiuShi1*11220005*CnCom.Id807045.IhIfGlb_MRS*CSI300_SgxCN@QiuShi1@CnCom.Id807045.IhIfGlb_MRS@60107,CSI300_SgxCN@QiuShi1@CnCom.Id807045.IhIfGlb_MRS@60107,Trader
QiuShi1*11220005*CnCom.Id807045.IhIfGlb_MRS*SSE50_HHI@QiuShi1@CnCom.Id807045.IhIfGlb_MRS@60110,SSE50_HHI@QiuShi1@CnCom.Id807045.IhIfGlb_MRS@60110,Trader
QiuShi1*11220005*CnCom.Id807045.IhIfGlb_MRS*SSE50_SgxCN@QiuShi1@CnCom.Id807045.IhIfGlb_MRS@60115,SSE50_SgxCN@QiuShi1@CnCom.Id807045.IhIfGlb_MRS@60115,Trader
QiuShi1*11220005*CnCom.Id807045.IhIfGlb_MRS*CSI300_HHI@QiuShi1@CnCom.Id807045.IhIfGlb_MRS@60101,CSI300_HHI@QiuShi1@CnCom.Id807045.IhIfGlb_MRS@60101,Trader
QiuShi1*11220005*CnCom.Id807035.CnOil_All,CnCom.Id807035.CnOil_All,Strategy
QiuShi1*11220005*CnCom.Id807035.CnOil_All*SQsc_SQbu@QiuShi1@CnCom.Id807035.CnOil_All@28303,SQsc_SQbu@QiuShi1@CnCom.Id807035.CnOil_All@28303,Trader
QiuShi1*11220005*Cn.Id807045.VsBrnL1,Cn.Id807045.VsBrnL1,Strategy
QiuShi1*11220005*Cn.Id807045.VsBrnL1*SQfu_BRN@QiuShi1@Cn.Id807045.VsBrnL1@26909,SQfu_BRN@QiuShi1@Cn.Id807045.VsBrnL1@26909,Trader
QiuShi1*11220005*CnCom.Id807012.CnOilSL1N,CnCom.Id807012.CnOilSL1N,Strategy
QiuShi1*11220005*CnCom.Id807012.CnOilSL1N*SQsc_BRN@QiuShi1@CnCom.Id807012.CnOilSL1N@28515,SQsc_BRN@QiuShi1@CnCom.Id807012.CnOilSL1N@28515,Trader
QiuShi1*11220005*CnCom.Id807012.CnOilSL1N*SQsc_BRN@QiuShi1@CnCom.Id807012.CnOilSL1N@59719,SQsc_BRN@QiuShi1@CnCom.Id807012.CnOilSL1N@59719,Trader
QiuShi1*11220005*CnCom.Id807012.ScCalAllN,CnCom.Id807012.ScCalAllN,Strategy
QiuShi1*11220005*CnCom.Id807012.ScCalAllN*SQsc@QiuShi1@CnCom.Id807012.ScCalAllN@30602,SQsc@QiuShi1@CnCom.Id807012.ScCalAllN@30602,Trader
QiuShi1*11220005*CnCom.Id807012.ScCalAllN*SQsc@QiuShi1@CnCom.Id807012.ScCalAllN@30601,SQsc@QiuShi1@CnCom.Id807012.ScCalAllN@30601,Trader
QiuShi1*11220005*CnCom.Id807045.ScBrn3_V5L1,CnCom.Id807045.ScBrn3_V5L1,Strategy
QiuShi1*11220005*CnCom.Id807045.ScBrn3_V5L1*SQsc_BRN@QiuShi1@CnCom.Id807045.ScBrn3_V5L1@29901,SQsc_BRN@QiuShi1@CnCom.Id807045.ScBrn3_V5L1@29901,Trader
QiuShi1*819068,819068,Account
QiuShi1*819068*CnCom.Id807045.MFA_V6_All_L1,CnCom.Id807045.MFA_V6_All_L1,Strategy
QiuShi1*819068*CnCom.Id807045.MFA_V6_All_L1*ZZSM_ZZTC@QiuShi1@CnCom.Id807045.MFA_V6_All_L1@27173,ZZSM_ZZTC@QiuShi1@CnCom.Id807045.MFA_V6_All_L1@27173,Trader
QiuShi1*819068*CnCom.Id807045.MFA_V6_All_L1*ZZOI_DLy@QiuShi1@CnCom.Id807045.MFA_V6_All_L1@27159,ZZOI_DLy@QiuShi1@CnCom.Id807045.MFA_V6_All_L1@27159,Trader
QiuShi1*819068*CnCom.Id807045.MFA_V6_All_L1*SQsn_SQni@QiuShi1@CnCom.Id807045.MFA_V6_All_L1@27150,SQsn_SQni@QiuShi1@CnCom.Id807045.MFA_V6_All_L1@27150,Trader
QiuShi1*819068*CnCom.Id807045.MFA_V6_All_L1*ZZMA_DLpp@QiuShi1@CnCom.Id807045.MFA_V6_All_L1@27154,ZZMA_DLpp@QiuShi1@CnCom.Id807045.MFA_V6_All_L1@27154,Trader
QiuShi1*819068*CnCom.Id807045.MFA_V6_All_L1*DLl_ZZMA@QiuShi1@CnCom.Id807045.MFA_V6_All_L1@27122,DLl_ZZMA@QiuShi1@CnCom.Id807045.MFA_V6_All_L1@27122,Trader
QiuShi1*819068*CnCom.Id807045.MFA_V6_All_L1*DLpp_DLl@QiuShi1@CnCom.Id807045.MFA_V6_All_L1@27123,DLpp_DLl@QiuShi1@CnCom.Id807045.MFA_V6_All_L1@27123,Trader
QiuShi1*819068*CnCom.Id807045.MFA_V6_All_L1*DLjm_ZZTC@QiuShi1@CnCom.Id807045.MFA_V6_All_L1@27115,DLjm_ZZTC@QiuShi1@CnCom.Id807045.MFA_V6_All_L1@27115,Trader
QiuShi1*819068*CnCom.Id007969.IntraSC,CnCom.Id007969.IntraSC,Strategy
QiuShi1*819068*CnCom.Id007969.IntraSC*SQsc@QiuShi1@CnCom.Id007969.IntraSC@28401,SQsc@QiuShi1@CnCom.Id007969.IntraSC@28401,Trader
QiuShi1*819068*CnCom.Id807012.CnC2Oil_L1N,CnCom.Id807012.CnC2Oil_L1N,Strategy
QiuShi1*819068*CnCom.Id807012.CnC2Oil_L1N*ZZFG_CL@QiuShi1@CnCom.Id807012.CnC2Oil_L1N@59705,ZZFG_CL@QiuShi1@CnCom.Id807012.CnC2Oil_L1N@59705,Trader
QiuShi1*819068*CnCom.Id807012.CnC2Oil_L1N*ZZTA_BZ@QiuShi1@CnCom.Id807012.CnC2Oil_L1N@59708,ZZTA_BZ@QiuShi1@CnCom.Id807012.CnC2Oil_L1N@59708,Trader
QiuShi1*819068*CnCom.Id807045.V6E0_All_L1,CnCom.Id807045.V6E0_All_L1,Strategy
QiuShi1*819068*CnCom.Id807045.V6E0_All_L1*DLjm_ZZTC@QiuShi1@CnCom.Id807045.V6E0_All_L1@27211,DLjm_ZZTC@QiuShi1@CnCom.Id807045.V6E0_All_L1@27211,Trader
QiuShi1*819068*CnCom.Id807045.V6E0_All_L1*ZZMA_DLpp@QiuShi1@CnCom.Id807045.V6E0_All_L1@27249,ZZMA_DLpp@QiuShi1@CnCom.Id807045.V6E0_All_L1@27249,Trader
QiuShi1*819068*CnCom.Id807045.V6E0_All_L1*SQsn_SQni@QiuShi1@CnCom.Id807045.V6E0_All_L1@27242,SQsn_SQni@QiuShi1@CnCom.Id807045.V6E0_All_L1@27242,Trader
QiuShi1*819068*CnCom.Id807045.V6E0_All_L1*ZZMA_DLl@QiuShi1@CnCom.Id807045.V6E0_All_L1@27248,ZZMA_DLl@QiuShi1@CnCom.Id807045.V6E0_All_L1@27248,Trader
QiuShi1*819068*CnCom.Id807045.V6E0_All_L1*SQsn_SQzn@QiuShi1@CnCom.Id807045.V6E0_All_L1@27243,SQsn_SQzn@QiuShi1@CnCom.Id807045.V6E0_All_L1@27243,Trader
QiuShi1*819068*CnCom.Id807045.V6E0_All_L1*ZZOI_DLy@QiuShi1@CnCom.Id807045.V6E0_All_L1@27253,ZZOI_DLy@QiuShi1@CnCom.Id807045.V6E0_All_L1@27253,Trader
QiuShi1*819068*CnCom.Id807012.CnC2Oil_L1,CnCom.Id807012.CnC2Oil_L1,Strategy
QiuShi1*819068*CnCom.Id807012.CnC2Oil_L1*ZZFG_BZ@QiuShi1@CnCom.Id807012.CnC2Oil_L1@59511,ZZFG_BZ@QiuShi1@CnCom.Id807012.CnC2Oil_L1@59511,Trader
QiuShi1*819068*CnCom.Id807012.CnC2Oil_L1*DLl_BRN@QiuShi1@CnCom.Id807012.CnC2Oil_L1@59501,DLl_BRN@QiuShi1@CnCom.Id807012.CnC2Oil_L1@59501,Trader
QiuShi1*819068*CnCom.Id807012.CnC2Oil_L1*DLl_CL@QiuShi1@CnCom.Id807012.CnC2Oil_L1@59505,DLl_CL@QiuShi1@CnCom.Id807012.CnC2Oil_L1@59505,Trader
QiuShi1*11220005 - 819068,11220005 - 819068,Account
QiuShi1*11220005 - 819068*CnCom.Id007929.T2N_FuSc,CnCom.Id007929.T2N_FuSc,Strategy
QiuShi1*11220005 - 819068*CnCom.Id007929.T2N_FuSc*SQfu_SQsc@QiuShi1@CnCom.Id007929.T2N_FuSc@28201,SQfu_SQsc@QiuShi1@CnCom.Id007929.T2N_FuSc@28201,Trader
QiuShi1*11220005 - 819068*Cn.Id807015.MFA_CnComV6,Cn.Id807015.MFA_CnComV6,Strategy
QiuShi1*11220005 - 819068*Cn.Id807015.MFA_CnComV6*DLl_DLpp@QiuShi1@Cn.Id807015.MFA_CnComV6@29403,DLl_DLpp@QiuShi1@Cn.Id807015.MFA_CnComV6@29403,Trader
ShengShi8,ShengShi8,Fund
ShengShi8*11220006,11220006,Account
ShengShi8*11220006*CnCom.Id807035.CalArbAll2,CnCom.Id807035.CalArbAll2,Strategy
ShengShi8*11220006*CnCom.Id807035.CalArbAll2*ZZMA@ShengShi8@CnCom.Id807035.CalArbAll2@58620,ZZMA@ShengShi8@CnCom.Id807035.CalArbAll2@58620,Trader
ShengShi8*11220006*CnCom.Id807035.CalArbAll2*DLm@ShengShi8@CnCom.Id807035.CalArbAll2@58610,DLm@ShengShi8@CnCom.Id807035.CalArbAll2@58610,Trader
ShengShi8*11220006*CnCom.Id807035.CalArbAll2*ZZRM@ShengShi8@CnCom.Id807035.CalArbAll2@58621,ZZRM@ShengShi8@CnCom.Id807035.CalArbAll2@58621,Trader
ShengShi8*11220006*CnCom.Id807035.CalArbAll2*DLl@ShengShi8@CnCom.Id807035.CalArbAll2@58609,DLl@ShengShi8@CnCom.Id807035.CalArbAll2@58609,Trader
ShengShi8*11220006*CnCom.Id807035.CalArbAll2*DLp@ShengShi8@CnCom.Id807035.CalArbAll2@58613,DLp@ShengShi8@CnCom.Id807035.CalArbAll2@58613,Trader
ShengShi8*11220006*CnCom.Id807035.CalArbAll2*DLjd@ShengShi8@CnCom.Id807035.CalArbAll2@58604,DLjd@ShengShi8@CnCom.Id807035.CalArbAll2@58604,Trader
ShengShi8*11220006*CnCom.Id807035.CalArbAll2*DLj@ShengShi8@CnCom.Id807035.CalArbAll2@58606,DLj@ShengShi8@CnCom.Id807035.CalArbAll2@58606,Trader
ShengShi8*11220006*CnCom.Id807035.CalArbAll2*DLp@ShengShi8@CnCom.Id807035.CalArbAll2@58612,DLp@ShengShi8@CnCom.Id807035.CalArbAll2@58612,Trader
ShengShi8*11220006*CnCom.Id807035.CalArbAll2*DLy@ShengShi8@CnCom.Id807035.CalArbAll2@58615,DLy@ShengShi8@CnCom.Id807035.CalArbAll2@58615,Trader
ShengShi8*11220006*CnCom.Id807035.CalArbAll2*ZZMA@ShengShi8@CnCom.Id807035.CalArbAll2@58619,ZZMA@ShengShi8@CnCom.Id807035.CalArbAll2@58619,Trader
ShengShi8*11220006*CnCom.Id807035.CalArbAll2*DLj@ShengShi8@CnCom.Id807035.CalArbAll2@58607,DLj@ShengShi8@CnCom.Id807035.CalArbAll2@58607,Trader
ShengShi8*11220006*CnCom.Id807035.CalArbAll2*DLm@ShengShi8@CnCom.Id807035.CalArbAll2@58611,DLm@ShengShi8@CnCom.Id807035.CalArbAll2@58611,Trader
ShengShi8*11220006*CnCom.Id807035.CalArbAll2*ZZRM@ShengShi8@CnCom.Id807035.CalArbAll2@58622,ZZRM@ShengShi8@CnCom.Id807035.CalArbAll2@58622,Trader
ShengShi8*11220006*CnCom.Id807035.CalArbAll2*DLy@ShengShi8@CnCom.Id807035.CalArbAll2@58614,DLy@ShengShi8@CnCom.Id807035.CalArbAll2@58614,Trader
ShengShi8*11220006*Id807035.MFA_T0_M,Id807035.MFA_T0_M,Strategy
ShengShi8*11220006*Id807035.MFA_T0_M*SQzn_SQni@ShengShi8@Id807035.MFA@26410,SQzn_SQni@ShengShi8@Id807035.MFA@26410,Trader
ShengShi8*11220006*Id807035.MFA_T0_M*SQag_SQau2@ShengShi8@Id807035.MFA@26401,SQag_SQau2@ShengShi8@Id807035.MFA@26401,Trader
ShengShi8*11220006*Id807035.MFA_T0_M*SQal_SQni@ShengShi8@Id807035.MFA@26402,SQal_SQni@ShengShi8@Id807035.MFA@26402,Trader
ShengShi8*11220006*Id807035.MFA_T0_M*SQal_SQzn@ShengShi8@Id807035.MFA@26404,SQal_SQzn@ShengShi8@Id807035.MFA@26404,Trader
ShengShi8*11220006*Id807035.MFA_T0_M*SQrb_SQhc@ShengShi8@Id807035.MFA@26409,SQrb_SQhc@ShengShi8@Id807035.MFA@26409,Trader
ShengShi8*11220006*Id807035.MFA_T0_M*SQcu_SQni@ShengShi8@Id807035.MFA@26406,SQcu_SQni@ShengShi8@Id807035.MFA@26406,Trader
ShengShi8*11220006*Id807035.MFA_T0_M*SQcu_SQsn@ShengShi8@Id807035.MFA@26407,SQcu_SQsn@ShengShi8@Id807035.MFA@26407,Trader
ShengShi8*11220006*CnCom.Id807045.IhIfIcIdxL1,CnCom.Id807045.IhIfIcIdxL1,Strategy
ShengShi8*11220006*CnCom.Id807045.IhIfIcIdxL1*CSI300_IdxCsi300@ShengShi8@CnCom.Id807045.IhIfIcIdxL1@60501,CSI300_IdxCsi300@ShengShi8@CnCom.Id807045.IhIfIcIdxL1@60501,Trader
ShengShi8*11220006*CnCom.Id807045.IhIfIcIdxL1*SSE50_IdxSse50@ShengShi8@CnCom.Id807045.IhIfIcIdxL1@60511,SSE50_IdxSse50@ShengShi8@CnCom.Id807045.IhIfIcIdxL1@60511,Trader
ShengShi8*11220006*CnCom.Id807045.IhIfIcIdxL1*CSI300_IdxsCsi300@ShengShi8@CnCom.Id807045.IhIfIcIdxL1@60504,CSI300_IdxsCsi300@ShengShi8@CnCom.Id807045.IhIfIcIdxL1@60504,Trader
ShengShi8*11220006*CnCom.Id807045.IhIfIcIdxL1*CSI300_IdxsCsi300@ShengShi8@CnCom.Id807045.IhIfIcIdxL1@60506,CSI300_IdxsCsi300@ShengShi8@CnCom.Id807045.IhIfIcIdxL1@60506,Trader
ShengShi8*11220006*Id807046.TtTf_All_V8L1,Id807046.TtTf_All_V8L1,Strategy
ShengShi8*11220006*Id807046.TtTf_All_V8L1*TF_TT@ShengShi8@Id807046.TtTf_All_V8L1@58201,TF_TT@ShengShi8@Id807046.TtTf_All_V8L1@58201,Trader
ShengShi8*11220006*Id807046.TtTf_All_V8L1*TT_TF@ShengShi8@Id807046.TtTf_All_V8L1@58202,TT_TF@ShengShi8@Id807046.TtTf_All_V8L1@58202,Trader
ShengShi8*11220006*Id807035.MFA_T0_C,Id807035.MFA_T0_C,Strategy
ShengShi8*11220006*Id807035.MFA_T0_C*ZZTA_SQbu@ShengShi8@Id807035.MFA@26316,ZZTA_SQbu@ShengShi8@Id807035.MFA@26316,Trader
ShengShi8*11220006*Id807035.MFA_T0_C*DLv_ZZMA@ShengShi8@Id807035.MFA@26311,DLv_ZZMA@ShengShi8@Id807035.MFA@26311,Trader
ShengShi8*11220006*Id807035.MFA_T0_C*ZZTA_SQru@ShengShi8@Id807035.MFA@26317,ZZTA_SQru@ShengShi8@Id807035.MFA@26317,Trader
ShengShi8*11220006*Id807035.MFA_T0_C*DLpp_SQru@ShengShi8@Id807035.MFA@26306,DLpp_SQru@ShengShi8@Id807035.MFA@26306,Trader
ShengShi8*11220006*Id807035.MFA_T0_C*DLv_DLpp@ShengShi8@Id807035.MFA@26308,DLv_DLpp@ShengShi8@Id807035.MFA@26308,Trader
ShengShi8*11220006*Id807035.MFA_T0_C*ZZTA_ZZMA@ShengShi8@Id807035.MFA@26318,ZZTA_ZZMA@ShengShi8@Id807035.MFA@26318,Trader
ShengShi8*11220006*Id807035.MFA_T0_C*DLpp_ZZTA@ShengShi8@Id807035.MFA@26307,DLpp_ZZTA@ShengShi8@Id807035.MFA@26307,Trader
ShengShi8*11220006*Id807035.MFA_T0_C*DLl_ZZTA@ShengShi8@Id807035.MFA@26304,DLl_ZZTA@ShengShi8@Id807035.MFA@26304,Trader
ShengShi8*11220006*Id807035.MFA_T0_C*ZZMA_SQbu@ShengShi8@Id807035.MFA@26314,ZZMA_SQbu@ShengShi8@Id807035.MFA@26314,Trader
ShengShi8*11220006*Id807035.MFA_T0_C*ZZMA_SQru@ShengShi8@Id807035.MFA@26315,ZZMA_SQru@ShengShi8@Id807035.MFA@26315,Trader
ShengShi8*11220006*Id807035.MFA_T0_C*DLv_SQru@ShengShi8@Id807035.MFA@26310,DLv_SQru@ShengShi8@Id807035.MFA@26310,Trader
ShengShi8*11220006*Id807035.MFA_T0_C*DLv_SQbu@ShengShi8@Id807035.MFA@26309,DLv_SQbu@ShengShi8@Id807035.MFA@26309,Trader
ShengShi8*11220006*Id807035.MFA_T0_C*DLv_ZZTA@ShengShi8@Id807035.MFA@26312,DLv_ZZTA@ShengShi8@Id807035.MFA@26312,Trader
ShengShi8*11220006*Id807035.MFA_T0_C*DLl_SQru@ShengShi8@Id807035.MFA@26303,DLl_SQru@ShengShi8@Id807035.MFA@26303,Trader
ShengShi8*11220006*CnCom.Id807035.CalArbAll2N,CnCom.Id807035.CalArbAll2N,Strategy
ShengShi8*11220006*CnCom.Id807035.CalArbAll2N*DLp@ShengShi8@CnCom.Id807035.CalArbAll2N@58702,DLp@ShengShi8@CnCom.Id807035.CalArbAll2N@58702,Trader
ShengShi8*11220006*CnCom.Id807035.CalArbAll2N*ZZMA@ShengShi8@CnCom.Id807035.CalArbAll2N@58710,ZZMA@ShengShi8@CnCom.Id807035.CalArbAll2N@58710,Trader
ShengShi8*11220006*CnCom.Id807035.CalArbAll2N*DLp@ShengShi8@CnCom.Id807035.CalArbAll2N@58701,DLp@ShengShi8@CnCom.Id807035.CalArbAll2N@58701,Trader
ShengShi8*11220006*CnCom.Id807035.CalArbAll2N*DLy@ShengShi8@CnCom.Id807035.CalArbAll2N@58705,DLy@ShengShi8@CnCom.Id807035.CalArbAll2N@58705,Trader
ShengShi8*11220006*CnCom.Id807035.CalArbAll2N*DLy@ShengShi8@CnCom.Id807035.CalArbAll2N@58704,DLy@ShengShi8@CnCom.Id807035.CalArbAll2N@58704,Trader
ShengShi8*11220006*CnCom.Id807035.CalArbAll2N*ZZMA@ShengShi8@CnCom.Id807035.CalArbAll2N@58709,ZZMA@ShengShi8@CnCom.Id807035.CalArbAll2N@58709,Trader
ShengShi8*11220006*CnCom.Id807035.CalArbAll2N*DLp@ShengShi8@CnCom.Id807035.CalArbAll2N@58703,DLp@ShengShi8@CnCom.Id807035.CalArbAll2N@58703,Trader
ShengShi8*11220006*Id807035.MFA_T0_B,Id807035.MFA_T0_B,Strategy
ShengShi8*11220006*Id807035.MFA_T0_B*SQhc_ZZSM@ShengShi8@Id807035.MFA@26217,SQhc_ZZSM@ShengShi8@Id807035.MFA@26217,Trader
ShengShi8*11220006*Id807035.MFA_T0_B*SQhc_ZZTC@ShengShi8@Id807035.MFA@26218,SQhc_ZZTC@ShengShi8@Id807035.MFA@26218,Trader
ShengShi8*11220006*Id807035.MFA_T0_B*ZZSF_ZZSM@ShengShi8@Id807035.MFA@26223,ZZSF_ZZSM@ShengShi8@Id807035.MFA@26223,Trader
ShengShi8*11220006*Id807035.MFA_T0_B*DLi_DLj@ShengShi8@Id807035.MFA@26201,DLi_DLj@ShengShi8@Id807035.MFA@26201,Trader
ShengShi8*11220006*Id807035.MFA_T0_B*SQrb_ZZSM@ShengShi8@Id807035.MFA@26221,SQrb_ZZSM@ShengShi8@Id807035.MFA@26221,Trader
ShengShi8*11220006*Id807035.MFA_T0_B*DLi_SQrb@ShengShi8@Id807035.MFA@26204,DLi_SQrb@ShengShi8@Id807035.MFA@26204,Trader
ShengShi8*11220006*Id807035.MFA_T0_B*SQrb_ZZSF@ShengShi8@Id807035.MFA@26220,SQrb_ZZSF@ShengShi8@Id807035.MFA@26220,Trader
ShengShi8*11220006*Id807035.MFA_T0_B*DLj_SQrb@ShengShi8@Id807035.MFA@26213,DLj_SQrb@ShengShi8@Id807035.MFA@26213,Trader
ShengShi8*11220006*Id807035.MFA_T0_B*DLi_ZZSF@ShengShi8@Id807035.MFA@26205,DLi_ZZSF@ShengShi8@Id807035.MFA@26205,Trader
ShengShi8*11220006*Id807035.MFA_T0_B*DLj_DLjm@ShengShi8@Id807035.MFA@26211,DLj_DLjm@ShengShi8@Id807035.MFA@26211,Trader
ShengShi8*11220006*Id807035.MFA_T0_B*SQrb_SQhc@ShengShi8@Id807035.MFA@26219,SQrb_SQhc@ShengShi8@Id807035.MFA@26219,Trader
ShengShi8*11220006*CnCom.Id807045.IhIfGlb_MRS,CnCom.Id807045.IhIfGlb_MRS,Strategy
ShengShi8*11220006*CnCom.Id807045.IhIfGlb_MRS*CSI300_HHI@ShengShi8@CnCom.Id807045.IhIfGlb_MRS@60101,CSI300_HHI@ShengShi8@CnCom.Id807045.IhIfGlb_MRS@60101,Trader
ShengShi8*11220006*CnCom.Id807045.IhIfGlb_MRS*CSI300_SgxCN@ShengShi8@CnCom.Id807045.IhIfGlb_MRS@60107,CSI300_SgxCN@ShengShi8@CnCom.Id807045.IhIfGlb_MRS@60107,Trader
ShengShi8*11220006*CnCom.Id807045.IhIfGlb_MRS*SSE50_HHI@ShengShi8@CnCom.Id807045.IhIfGlb_MRS@60110,SSE50_HHI@ShengShi8@CnCom.Id807045.IhIfGlb_MRS@60110,Trader
ShengShi8*11220006*Cn.Id807035.All_BN,Cn.Id807035.All_BN,Strategy
ShengShi8*11220006*Cn.Id807035.All_BN*SQhc_ZZTC@ShengShi8@Cn.Id807035.All_BN@59206,SQhc_ZZTC@ShengShi8@Cn.Id807035.All_BN@59206,Trader
ShengShi8*11220006*Cn.Id807035.All_BN*DLi_DLjm@ShengShi8@Cn.Id807035.All_BN@59201,DLi_DLjm@ShengShi8@Cn.Id807035.All_BN@59201,Trader
ShengShi8*11220006*Cn.Id807035.All_BN*DLj_SQhc@ShengShi8@Cn.Id807035.All_BN@59205,DLj_SQhc@ShengShi8@Cn.Id807035.All_BN@59205,Trader
ShengShi8*11220006*Cn.Id807035.All_BN*DLi_SQrb@ShengShi8@Cn.Id807035.All_BN@59202,DLi_SQrb@ShengShi8@Cn.Id807035.All_BN@59202,Trader
ShengShi8*11220006*Cn.Id807035.All_AN,Cn.Id807035.All_AN,Strategy
ShengShi8*11220006*Cn.Id807035.All_AN*DLp_ZZOI@ShengShi8@Cn.Id807035.All_AN@59103,DLp_ZZOI@ShengShi8@Cn.Id807035.All_AN@59103,Trader
ShengShi8*11220006*Cn.Id807035.All_AN*DLm_ZZSR@ShengShi8@Cn.Id807035.All_AN@59101,DLm_ZZSR@ShengShi8@Cn.Id807035.All_AN@59101,Trader
ShengShi8*11220006*Cn.Id807035.All_AN*DLp_DLy@ShengShi8@Cn.Id807035.All_AN@59102,DLp_DLy@ShengShi8@Cn.Id807035.All_AN@59102,Trader
ShengShi8*11220006*Cn.Id807035.All_MN,Cn.Id807035.All_MN,Strategy
ShengShi8*11220006*Cn.Id807035.All_MN*SQau2_SQag@ShengShi8@Cn.Id807035.All_MN@59404,SQau2_SQag@ShengShi8@Cn.Id807035.All_MN@59404,Trader
ShengShi8*11220006*Cn.Id807035.All_MN*SQzn_SQni@ShengShi8@Cn.Id807035.All_MN@59405,SQzn_SQni@ShengShi8@Cn.Id807035.All_MN@59405,Trader
ShengShi8*11220006*Cn.Id807035.All_MN*SQal_SQni@ShengShi8@Cn.Id807035.All_MN@59401,SQal_SQni@ShengShi8@Cn.Id807035.All_MN@59401,Trader
ShengShi8*11220006*Cn.Id807035.All_MN*SQzn_SQsn@ShengShi8@Cn.Id807035.All_MN@59406,SQzn_SQsn@ShengShi8@Cn.Id807035.All_MN@59406,Trader
ShengShi8*11220006*Cn.Id807035.All_MN*SQal_SQzn@ShengShi8@Cn.Id807035.All_MN@59403,SQal_SQzn@ShengShi8@Cn.Id807035.All_MN@59403,Trader
ShengShi8*11220006*Cn.Id807035.All_CN,Cn.Id807035.All_CN,Strategy
ShengShi8*11220006*Cn.Id807035.All_CN*SQbu_SQru@ShengShi8@Cn.Id807035.All_CN@59301,SQbu_SQru@ShengShi8@Cn.Id807035.All_CN@59301,Trader
ShengShi8*11220006*Cn.Id807035.All_CN*ZZTA_ZZMA@ShengShi8@Cn.Id807035.All_CN@59304,ZZTA_ZZMA@ShengShi8@Cn.Id807035.All_CN@59304,Trader
ShengShi8*11220006*Cn.Id807035.All_CN*ZZTA_SQru@ShengShi8@Cn.Id807035.All_CN@59303,ZZTA_SQru@ShengShi8@Cn.Id807035.All_CN@59303,Trader
ShengShi8*11220006*Cn.Id807035.All_CN*ZZMA_SQbu@ShengShi8@Cn.Id807035.All_CN@59302,ZZMA_SQbu@ShengShi8@Cn.Id807035.All_CN@59302,Trader
ShengShi8*11220006*CnCom.Id807035.CnOil_AllN,CnCom.Id807035.CnOil_AllN,Strategy
ShengShi8*11220006*CnCom.Id807035.CnOil_AllN*SQfu_SQbu@ShengShi8@CnCom.Id807035.CnOil_AllN@30501,SQfu_SQbu@ShengShi8@CnCom.Id807035.CnOil_AllN@30501,Trader
ShengShi8*11220006*Id807046.TtTf_All_V5L1,Id807046.TtTf_All_V5L1,Strategy
ShengShi8*11220006*Id807046.TtTf_All_V5L1*TF_TT@ShengShi8@Id807046.TtTf_All_V5L1@58101,TF_TT@ShengShi8@Id807046.TtTf_All_V5L1@58101,Trader
ShengShi8*11220006*Id807046.TtTf_All_V5L1*TT_TF@ShengShi8@Id807046.TtTf_All_V5L1@58102,TT_TF@ShengShi8@Id807046.TtTf_All_V5L1@58102,Trader
ShengShi8*11220006*CnCom.Id807035.CnOil_All,CnCom.Id807035.CnOil_All,Strategy
ShengShi8*11220006*CnCom.Id807035.CnOil_All*SQsc_SQbu@ShengShi8@CnCom.Id807035.CnOil_All@30503,SQsc_SQbu@ShengShi8@CnCom.Id807035.CnOil_All@30503,Trader
ShengShi8*11220006*CnCom.Id807035.CnOil_All*SQfu_SQbu@ShengShi8@CnCom.Id807035.CnOil_All@30501,SQfu_SQbu@ShengShi8@CnCom.Id807035.CnOil_All@30501,Trader
ShengShi8*11220006*Id807035.MFA_T0_A,Id807035.MFA_T0_A,Strategy
ShengShi8*11220006*Id807035.MFA_T0_A*DLa_DLp@ShengShi8@Id807035.MFA@26102,DLa_DLp@ShengShi8@Id807035.MFA@26102,Trader
ShengShi8*11220006*Id807035.MFA_T0_A*DLa_ZZOI@ShengShi8@Id807035.MFA@26104,DLa_ZZOI@ShengShi8@Id807035.MFA@26104,Trader
ShengShi8*11220006*Id807035.MFA_T0_A*DLcs_DLy@ShengShi8@Id807035.MFA@26106,DLcs_DLy@ShengShi8@Id807035.MFA@26106,Trader
ShengShi8*11220006*Id807035.MFA_T0_A*DLc_DLcs@ShengShi8@Id807035.MFA@26107,DLc_DLcs@ShengShi8@Id807035.MFA@26107,Trader
ShengShi8*11220006*Id807035.MFA_T0_A*DLy_ZZOI@ShengShi8@Id807035.MFA@26109,DLy_ZZOI@ShengShi8@Id807035.MFA@26109,Trader
ShengShi8*11220006*Id807035.MFA_T0_A*DLp_ZZOI@ShengShi8@Id807035.MFA@26108,DLp_ZZOI@ShengShi8@Id807035.MFA@26108,Trader
ShengShi8*11220006*Id807035.MFA_T0_A*DLa_DLm@ShengShi8@Id807035.MFA@26101,DLa_DLm@ShengShi8@Id807035.MFA@26101,Trader
Prop2,Prop2,Fund
Prop2*52013295,52013295,Account
Prop2*52013295*Id807045.ScCl_V5L1,Id807045.ScCl_V5L1,Strategy
Prop2*52013295*Id807045.ScCl_V5L1*SQsc_CL@Prop2@Id807045.ScCl_V5L1@29601,SQsc_CL@Prop2@Id807045.ScCl_V5L1@29601,Trader
Prop2*52013295*Id807045.ScCl_V5L1*SQsc_CL@Prop2@Id807045.ScCl_V5L1@29602,SQsc_CL@Prop2@Id807045.ScCl_V5L1@29602,Trader
Prop2*52013295*Id807045.ScCl_V5L1*SQsc_CL@Prop2@Id807045.ScCl_V5L1@29603,SQsc_CL@Prop2@Id807045.ScCl_V5L1@29603,Trader
Prop2*52013295*Id807045.ScBz3_V5L1N,Id807045.ScBz3_V5L1N,Strategy
Prop2*52013295*Id807045.ScBz3_V5L1N*SQsc_BZ@Prop2@Id807045.ScBz3_V5L1N@29502,SQsc_BZ@Prop2@Id807045.ScBz3_V5L1N@29502,Trader
Prop2*52013295*Id807045.ScBz3_V5L1N*SQsc_BZ@Prop2@Id807045.ScBz3_V5L1N@29503,SQsc_BZ@Prop2@Id807045.ScBz3_V5L1N@29503,Trader
Prop2*52013295*Id807045.ScBz3_V5L1N*SQsc_BZ@Prop2@Id807045.ScBz3_V5L1N@29501,SQsc_BZ@Prop2@Id807045.ScBz3_V5L1N@29501,Trader
Prop2*52013295*CnCom.Id807045.ScBrn3_V5L1N,CnCom.Id807045.ScBrn3_V5L1N,Strategy
Prop2*52013295*CnCom.Id807045.ScBrn3_V5L1N*SQsc_BRN@Prop2@CnCom.Id807045.ScBrn3_V5L1N@29901,SQsc_BRN@Prop2@CnCom.Id807045.ScBrn3_V5L1N@29901,Trader
Prop2*52013295*CnCom.Id807045.ScBrn3_V5L1N*SQsc_BRN@Prop2@CnCom.Id807045.ScBrn3_V5L1N@29903,SQsc_BRN@Prop2@CnCom.Id807045.ScBrn3_V5L1N@29903,Trader
Prop2*52013295*CnCom.Id807045.ScBrn3_V5L1N*SQsc_BRN@Prop2@CnCom.Id807045.ScBrn3_V5L1N@29902,SQsc_BRN@Prop2@CnCom.Id807045.ScBrn3_V5L1N@29902,Trader
ShengShi9,ShengShi9,Fund
ShengShi9*819198,819198,Account
ShengShi9*819198*CnCom.Id807012_VsScL1_Old,CnCom.Id807012_VsScL1_Old,Strategy
ShengShi9*819198*CnCom.Id807012_VsScL1_Old*DLv_SQsc@ShengShi9@CnCom.Id807012_VsScL1@61610,DLv_SQsc@ShengShi9@CnCom.Id807012_VsScL1@61610,Trader
ShengShi9*819198*CnCom.Id807012_VsScL1_Old*ZZMA_SQsc@ShengShi9@CnCom.Id807012_VsScL1@61522,ZZMA_SQsc@ShengShi9@CnCom.Id807012_VsScL1@61522,Trader
ShengShi9*819198*CnCom.Id807012_VsScL1_Old*ZZMA_SQsc@ShengShi9@CnCom.Id807012_VsScL1@61622,ZZMA_SQsc@ShengShi9@CnCom.Id807012_VsScL1@61622,Trader
ShengShi9*819198*CnCom.Id807012_VsScL1_Old*SQru_SQsc@ShengShi9@CnCom.Id807012_VsScL1@61619,SQru_SQsc@ShengShi9@CnCom.Id807012_VsScL1@61619,Trader
ShengShi9*819198*CnCom.Id807012_VsScL1_Old*SQru_SQsc@ShengShi9@CnCom.Id807012_VsScL1@61519,SQru_SQsc@ShengShi9@CnCom.Id807012_VsScL1@61519,Trader
ShengShi9*819198*CnCom.Id807012_VsScL1_Old*DLv_SQsc@ShengShi9@CnCom.Id807012_VsScL1@61510,DLv_SQsc@ShengShi9@CnCom.Id807012_VsScL1@61510,Trader
ShengShi9*819198*CnCom.Id807012_VsScL1_Old*ZZTA_SQsc@ShengShi9@CnCom.Id807012_VsScL1@61525,ZZTA_SQsc@ShengShi9@CnCom.Id807012_VsScL1@61525,Trader
ShengShi9*819198*CnCom.Id807012_VsScL1_Old*SQbu_SQsc@ShengShi9@CnCom.Id807012_VsScL1@61613,SQbu_SQsc@ShengShi9@CnCom.Id807012_VsScL1@61613,Trader
ShengShi9*819198*CnCom.Id807012_VsScL1_Old*DLl_SQsc@ShengShi9@CnCom.Id807012_VsScL1@61604,DLl_SQsc@ShengShi9@CnCom.Id807012_VsScL1@61604,Trader
ShengShi9*819198*CnCom.Id807012_VsScL1_Old*DLl_SQsc@ShengShi9@CnCom.Id807012_VsScL1@61504,DLl_SQsc@ShengShi9@CnCom.Id807012_VsScL1@61504,Trader
ShengShi9*819198*CnCom.Id807012_VsScL1_Old*SQfu_SQsc@ShengShi9@CnCom.Id807012_VsScL1@61616,SQfu_SQsc@ShengShi9@CnCom.Id807012_VsScL1@61616,Trader
ShengShi9*819198*Id807035.MFA_T0_C,Id807035.MFA_T0_C,Strategy
ShengShi9*819198*Id807035.MFA_T0_C*DLpp_SQru@ShengShi9@Id807035.MFA@26306,DLpp_SQru@ShengShi9@Id807035.MFA@26306,Trader
ShengShi9*819198*Id807035.MFA_T0_C*DLv_SQru@ShengShi9@Id807035.MFA@26310,DLv_SQru@ShengShi9@Id807035.MFA@26310,Trader
ShengShi9*819198*Id807035.MFA_T0_C*ZZMA_SQbu@ShengShi9@Id807035.MFA@26314,ZZMA_SQbu@ShengShi9@Id807035.MFA@26314,Trader
ShengShi9*819198*Id807035.MFA_T0_C*ZZMA_SQru@ShengShi9@Id807035.MFA@26315,ZZMA_SQru@ShengShi9@Id807035.MFA@26315,Trader
ShengShi9*819198*Id807035.MFA_T0_C*ZZTA_ZZMA@ShengShi9@Id807035.MFA@26318,ZZTA_ZZMA@ShengShi9@Id807035.MFA@26318,Trader
ShengShi9*819198*Id807035.MFA_T0_C*ZZTA_SQru@ShengShi9@Id807035.MFA@26317,ZZTA_SQru@ShengShi9@Id807035.MFA@26317,Trader
ShengShi9*819198*CnCom.Id807012_VsScL1,CnCom.Id807012_VsScL1,Strategy
ShengShi9*819198*CnCom.Id807012_VsScL1*SQbu_SQsc@ShengShi9@CnCom.Id807012_VsScL1@61514,SQbu_SQsc@ShengShi9@CnCom.Id807012_VsScL1@61514,Trader
ShengShi9*819198*CnCom.Id807012_VsScL1*ZZMA_SQsc@ShengShi9@CnCom.Id807012_VsScL1@61523,ZZMA_SQsc@ShengShi9@CnCom.Id807012_VsScL1@61523,Trader
ShengShi9*819198*CnCom.Id807012_VsScL1*SQfu_SQsc@ShengShi9@CnCom.Id807012_VsScL1@61517,SQfu_SQsc@ShengShi9@CnCom.Id807012_VsScL1@61517,Trader
ShengShi9*819198*CnCom.Id807012_VsScL1*SQbu_SQsc@ShengShi9@CnCom.Id807012_VsScL1@61513,SQbu_SQsc@ShengShi9@CnCom.Id807012_VsScL1@61513,Trader
ShengShi9*819198*CnCom.Id807012_VsScL1*SQfu_SQsc@ShengShi9@CnCom.Id807012_VsScL1@61516,SQfu_SQsc@ShengShi9@CnCom.Id807012_VsScL1@61516,Trader
ShengShi9*819198*Id807035.MFA_T0_B,Id807035.MFA_T0_B,Strategy
ShengShi9*819198*Id807035.MFA_T0_B*DLj_SQrb@ShengShi9@Id807035.MFA@26213,DLj_SQrb@ShengShi9@Id807035.MFA@26213,Trader
ShengShi9*819198*Id807035.MFA_T0_B*SQrb_SQhc@ShengShi9@Id807035.MFA@26219,SQrb_SQhc@ShengShi9@Id807035.MFA@26219,Trader
ShengShi9*819198*Id807035.MFA_T0_B*DLi_DLj@ShengShi9@Id807035.MFA@26201,DLi_DLj@ShengShi9@Id807035.MFA@26201,Trader
ShengShi9*819198*Id807035.MFA_T0_B*DLi_SQrb@ShengShi9@Id807035.MFA@26204,DLi_SQrb@ShengShi9@Id807035.MFA@26204,Trader
ShengShi9*819198*CnCom.Id807045.IhIfGlb_MRS,CnCom.Id807045.IhIfGlb_MRS,Strategy
ShengShi9*819198*CnCom.Id807045.IhIfGlb_MRS*SSE50_SgxCN@ShengShi9@CnCom.Id807045.IhIfGlb_MRS@60115,SSE50_SgxCN@ShengShi9@CnCom.Id807045.IhIfGlb_MRS@60115,Trader
ShengShi9*819198*CnCom.Id807045.IhIfGlb_MRS*CSI300_SgxCN@ShengShi9@CnCom.Id807045.IhIfGlb_MRS@60107,CSI300_SgxCN@ShengShi9@CnCom.Id807045.IhIfGlb_MRS@60107,Trader
ShengShi9*819198*CnCom.Id807035.CalArbAll2N,CnCom.Id807035.CalArbAll2N,Strategy
ShengShi9*819198*CnCom.Id807035.CalArbAll2N*DLp@ShengShi9@CnCom.Id807035.CalArbAll2N@58701,DLp@ShengShi9@CnCom.Id807035.CalArbAll2N@58701,Trader
ShengShi9*819198*CnCom.Id807035.CalArbAll2N*DLy@ShengShi9@CnCom.Id807035.CalArbAll2N@58705,DLy@ShengShi9@CnCom.Id807035.CalArbAll2N@58705,Trader
ShengShi9*819198*CnCom.Id807035.CalArbAll2N*DLp@ShengShi9@CnCom.Id807035.CalArbAll2N@58703,DLp@ShengShi9@CnCom.Id807035.CalArbAll2N@58703,Trader
ShengShi9*819198*CnCom.Id807035.CalArbAll2N*DLp@ShengShi9@CnCom.Id807035.CalArbAll2N@58702,DLp@ShengShi9@CnCom.Id807035.CalArbAll2N@58702,Trader
ShengShi9*819198*CnCom.Id807012.CnOilS2L1,CnCom.Id807012.CnOilS2L1,Strategy
ShengShi9*819198*CnCom.Id807012.CnOilS2L1*SQfu_SQsc@ShengShi9@CnCom.Id807012.CnOilS2L1@61222,SQfu_SQsc@ShengShi9@CnCom.Id807012.CnOilS2L1@61222,Trader
ShengShi9*819198*Cn.Id807035.All_AN,Cn.Id807035.All_AN,Strategy
ShengShi9*819198*Cn.Id807035.All_AN*DLp_DLy@ShengShi9@Cn.Id807035.All_AN@59102,DLp_DLy@ShengShi9@Cn.Id807035.All_AN@59102,Trader
ShengShi9*819198*Cn.Id807035.All_AN*DLp_ZZOI@ShengShi9@Cn.Id807035.All_AN@59103,DLp_ZZOI@ShengShi9@Cn.Id807035.All_AN@59103,Trader
ShengShi9*819198*Cn.Id807035.All_BN,Cn.Id807035.All_BN,Strategy
ShengShi9*819198*Cn.Id807035.All_BN*DLi_DLjm@ShengShi9@Cn.Id807035.All_BN@59201,DLi_DLjm@ShengShi9@Cn.Id807035.All_BN@59201,Trader
ShengShi9*819198*Cn.Id807035.All_BN*DLj_SQhc@ShengShi9@Cn.Id807035.All_BN@59205,DLj_SQhc@ShengShi9@Cn.Id807035.All_BN@59205,Trader
HanWu6,HanWu6,Fund
HanWu6*10280160,10280160,Account
HanWu6*10280160*CnCom.Id807012.IhIfGlbL1,CnCom.Id807012.IhIfGlbL1,Strategy
HanWu6*10280160*CnCom.Id807012.IhIfGlbL1*SSE50_SgxCN@HanWu6@CnCom.Id807012.IhIfGlbL1@60231,SSE50_SgxCN@HanWu6@CnCom.Id807012.IhIfGlbL1@60231,Trader
HanWu6*10280160*CnCom.Id807012.IhIfGlbL1*CSI300_SgxCN@HanWu6@CnCom.Id807012.IhIfGlbL1@60213,CSI300_SgxCN@HanWu6@CnCom.Id807012.IhIfGlbL1@60213,Trader
HanWu6*10280160*CnCom.Id807012.IhIfGlbL1*CSI300_SgxCN@HanWu6@CnCom.Id807012.IhIfGlbL1@60214,CSI300_SgxCN@HanWu6@CnCom.Id807012.IhIfGlbL1@60214,Trader
HanWu6*10280160*CnCom.Id807012.IhIfGlbL1*CSI300_SgxCN@HanWu6@CnCom.Id807012.IhIfGlbL1@60218,CSI300_SgxCN@HanWu6@CnCom.Id807012.IhIfGlbL1@60218,Trader
HanWu6*10280160*CnCom.Id807045.IhIfGlb_MRS,CnCom.Id807045.IhIfGlb_MRS,Strategy
HanWu6*10280160*CnCom.Id807045.IhIfGlb_MRS*CSI300_HHI@HanWu6@CnCom.Id807045.IhIfGlb_MRS@60101,CSI300_HHI@HanWu6@CnCom.Id807045.IhIfGlb_MRS@60101,Trader
HanWu6*10280160*CnCom.Id807045.IhIfGlb_MRS*CSI300_SgxCN@HanWu6@CnCom.Id807045.IhIfGlb_MRS@60107,CSI300_SgxCN@HanWu6@CnCom.Id807045.IhIfGlb_MRS@60107,Trader
HanWu6*10280160*CnCom.Id807045.IhIfGlb_MRS*SSE50_SgxCN@HanWu6@CnCom.Id807045.IhIfGlb_MRS@60115,SSE50_SgxCN@HanWu6@CnCom.Id807045.IhIfGlb_MRS@60115,Trader
HanWu6*10280160*CnCom.Id807045.IhIfGlb_MRS*SSE50_HHI@HanWu6@CnCom.Id807045.IhIfGlb_MRS@60110,SSE50_HHI@HanWu6@CnCom.Id807045.IhIfGlb_MRS@60110,Trader
HanWu6*10280160*Cn.Id807045.VsBrnL1,Cn.Id807045.VsBrnL1,Strategy
HanWu6*10280160*Cn.Id807045.VsBrnL1*SQsc_BRN@HanWu6@Cn.Id807045.VsBrnL1@26918,SQsc_BRN@HanWu6@Cn.Id807045.VsBrnL1@26918,Trader
HanWu6*10280160*CnCom.Id007969.IntraSC,CnCom.Id007969.IntraSC,Strategy
HanWu6*10280160*CnCom.Id007969.IntraSC*SQsc@HanWu6@CnCom.Id007969.IntraSC@26501,SQsc@HanWu6@CnCom.Id007969.IntraSC@26501,Trader
HongShang1,HongShang1,Fund
HongShang1*11220003,11220003,Account
HongShang1*11220003*CnCom.Id807035.CalArbAll2N,CnCom.Id807035.CalArbAll2N,Strategy
HongShang1*11220003*CnCom.Id807035.CalArbAll2N*DLp@HongShang1@CnCom.Id807035.CalArbAll2N@58703,DLp@HongShang1@CnCom.Id807035.CalArbAll2N@58703,Trader
HongShang1*11220003*CnCom.Id807035.CalArbAll2N*DLy@HongShang1@CnCom.Id807035.CalArbAll2N@58705,DLy@HongShang1@CnCom.Id807035.CalArbAll2N@58705,Trader
HongShang1*11220003*CnCom.Id807035.CalArbAll2N*DLp@HongShang1@CnCom.Id807035.CalArbAll2N@58701,DLp@HongShang1@CnCom.Id807035.CalArbAll2N@58701,Trader
HongShang1*11220003*CnCom.Id807035.CalArbAll2N*DLp@HongShang1@CnCom.Id807035.CalArbAll2N@58702,DLp@HongShang1@CnCom.Id807035.CalArbAll2N@58702,Trader
HongShang1*11220003*Id807035.MFA_T0_B,Id807035.MFA_T0_B,Strategy
HongShang1*11220003*Id807035.MFA_T0_B*SQrb_SQhc@HongShang1@Id807035.MFA@26219,SQrb_SQhc@HongShang1@Id807035.MFA@26219,Trader
HongShang1*11220003*Id807035.MFA_T0_B*DLj_SQrb@HongShang1@Id807035.MFA@26213,DLj_SQrb@HongShang1@Id807035.MFA@26213,Trader
HongShang1*11220003*Id807035.MFA_T0_B*DLi_DLj@HongShang1@Id807035.MFA@26201,DLi_DLj@HongShang1@Id807035.MFA@26201,Trader
HongShang1*11220003*Id807035.MFA_T0_B*DLi_SQrb@HongShang1@Id807035.MFA@26204,DLi_SQrb@HongShang1@Id807035.MFA@26204,Trader
HongShang1*11220003*Id807035.MFA_T0_C,Id807035.MFA_T0_C,Strategy
HongShang1*11220003*Id807035.MFA_T0_C*DLv_SQru@HongShang1@Id807035.MFA@26310,DLv_SQru@HongShang1@Id807035.MFA@26310,Trader
HongShang1*11220003*Id807035.MFA_T0_C*ZZTA_ZZMA@HongShang1@Id807035.MFA@26318,ZZTA_ZZMA@HongShang1@Id807035.MFA@26318,Trader
HongShang1*11220003*Id807035.MFA_T0_C*ZZMA_SQbu@HongShang1@Id807035.MFA@26314,ZZMA_SQbu@HongShang1@Id807035.MFA@26314,Trader
HongShang1*11220003*Id807035.MFA_T0_C*ZZTA_SQru@HongShang1@Id807035.MFA@26317,ZZTA_SQru@HongShang1@Id807035.MFA@26317,Trader
HongShang1*11220003*Id807035.MFA_T0_C*DLpp_SQru@HongShang1@Id807035.MFA@26306,DLpp_SQru@HongShang1@Id807035.MFA@26306,Trader
HongShang1*11220003*Id807035.MFA_T0_C*ZZMA_SQru@HongShang1@Id807035.MFA@26315,ZZMA_SQru@HongShang1@Id807035.MFA@26315,Trader
HongShang1*11220003*CSI.Id007969.S0Intra,CSI.Id007969.S0Intra,Strategy
HongShang1*11220003*CSI.Id007969.S0Intra*CSI300@HongShang1@CSI.Id007969.S0Intra@59801,CSI300@HongShang1@CSI.Id007969.S0Intra@59801,Trader
HongShang1*11220003*CSI.Id007969.S0Intra*SSE50@HongShang1@CSI.Id007969.S0Intra@59803,SSE50@HongShang1@CSI.Id007969.S0Intra@59803,Trader
HongShang1*11220003*CnCom.Id807045.IhIfGlb_MRS,CnCom.Id807045.IhIfGlb_MRS,Strategy
HongShang1*11220003*CnCom.Id807045.IhIfGlb_MRS*CSI300_SgxCN@HongShang1@CnCom.Id807045.IhIfGlb_MRS@60107,CSI300_SgxCN@HongShang1@CnCom.Id807045.IhIfGlb_MRS@60107,Trader
HongShang1*11220003*CnCom.Id807045.IhIfGlb_MRS*SSE50_SgxCN@HongShang1@CnCom.Id807045.IhIfGlb_MRS@60115,SSE50_SgxCN@HongShang1@CnCom.Id807045.IhIfGlb_MRS@60115,Trader
HongShang1*11220003*ChinaIndexFuturesA1500S.IF300,ChinaIndexFuturesA1500S.IF300,Strategy
HongShang1*11220003*ChinaIndexFuturesA1500S.IF300*CSI300@HongShang1@ChinaIndexFuturesA1500S.IF300@30101,CSI300@HongShang1@ChinaIndexFuturesA1500S.IF300@30101,Trader
HongShang1*11220003*Id007969_IntraCom2,Id007969_IntraCom2,Strategy
HongShang1*11220003*Id007969_IntraCom2*DLpp@HongShang1@Id007969_IntraCom2@60706,DLpp@HongShang1@Id007969_IntraCom2@60706,Trader
HongShang1*11220003*Id007969_IntraCom2*ZZMA@HongShang1@Id007969_IntraCom2@60720,ZZMA@HongShang1@Id007969_IntraCom2@60720,Trader
HongShang1*11220003*Id007969_IntraCom2*ZZSM@HongShang1@Id007969_IntraCom2@60723,ZZSM@HongShang1@Id007969_IntraCom2@60723,Trader
HongShang1*11220003*Id007969_IntraCom2*SQru@HongShang1@Id007969_IntraCom2@60716,SQru@HongShang1@Id007969_IntraCom2@60716,Trader
HongShang1*11220003*Id007969_IntraCom2*ZZRM@HongShang1@Id007969_IntraCom2@60722,ZZRM@HongShang1@Id007969_IntraCom2@60722,Trader
HongShang1*11220003*Id007969_IntraCom2*DLm@HongShang1@Id007969_IntraCom2@60705,DLm@HongShang1@Id007969_IntraCom2@60705,Trader
HongShang1*11220003*Cn.Id807035.All_AN,Cn.Id807035.All_AN,Strategy
HongShang1*11220003*Cn.Id807035.All_AN*DLp_DLy@HongShang1@Cn.Id807035.All_AN@59102,DLp_DLy@HongShang1@Cn.Id807035.All_AN@59102,Trader
HongShang1*11220003*Cn.Id807035.All_AN*DLp_ZZOI@HongShang1@Cn.Id807035.All_AN@59103,DLp_ZZOI@HongShang1@Cn.Id807035.All_AN@59103,Trader
HongShang1*11220003*Cn.Id807035.All_BN,Cn.Id807035.All_BN,Strategy
HongShang1*11220003*Cn.Id807035.All_BN*DLi_DLjm@HongShang1@Cn.Id807035.All_BN@59201,DLi_DLjm@HongShang1@Cn.Id807035.All_BN@59201,Trader
HongShang1*11220003*Cn.Id807035.All_BN*DLj_SQhc@HongShang1@Cn.Id807035.All_BN@59205,DLj_SQhc@HongShang1@Cn.Id807035.All_BN@59205,Trader
Prop,Prop,Fund
Prop*52013139,52013139,Account
Prop*52013139*CnCom.Id807035.CalArbAll2,CnCom.Id807035.CalArbAll2,Strategy
Prop*52013139*CnCom.Id807035.CalArbAll2*ZZMA@Prop@CnCom.Id807035.CalArbAll2@58619,ZZMA@Prop@CnCom.Id807035.CalArbAll2@58619,Trader
Prop*52013139*CnCom.Id807035.CalArbAll2*DLl@Prop@CnCom.Id807035.CalArbAll2@58608,DLl@Prop@CnCom.Id807035.CalArbAll2@58608,Trader
Prop*52013139*CnCom.Id807035.CalArbAll2*ZZMA@Prop@CnCom.Id807035.CalArbAll2@58620,ZZMA@Prop@CnCom.Id807035.CalArbAll2@58620,Trader
Prop*52013139*CnCom.Id807035.CalArbAll2*DLjd@Prop@CnCom.Id807035.CalArbAll2@58604,DLjd@Prop@CnCom.Id807035.CalArbAll2@58604,Trader
Prop*52013139*CnCom.Id807035.CalArbAll2*ZZRM@Prop@CnCom.Id807035.CalArbAll2@58622,ZZRM@Prop@CnCom.Id807035.CalArbAll2@58622,Trader
Prop*52013139*CnCom.Id807035.CalArbAll2*DLy@Prop@CnCom.Id807035.CalArbAll2@58615,DLy@Prop@CnCom.Id807035.CalArbAll2@58615,Trader
Prop*52013139*CnCom.Id807035.CalArbAll2*DLm@Prop@CnCom.Id807035.CalArbAll2@58610,DLm@Prop@CnCom.Id807035.CalArbAll2@58610,Trader
Prop*52013139*CnCom.Id807035.CalArbAll2*DLm@Prop@CnCom.Id807035.CalArbAll2@58611,DLm@Prop@CnCom.Id807035.CalArbAll2@58611,Trader
Prop*52013139*CnCom.Id807035.CalArbAll2*DLp@Prop@CnCom.Id807035.CalArbAll2@58612,DLp@Prop@CnCom.Id807035.CalArbAll2@58612,Trader
Prop*52013139*CnCom.Id807035.CalArbAll2*DLy@Prop@CnCom.Id807035.CalArbAll2@58614,DLy@Prop@CnCom.Id807035.CalArbAll2@58614,Trader
Prop*52013139*CnCom.Id807035.CalArbAll2*DLcs@Prop@CnCom.Id807035.CalArbAll2@58602,DLcs@Prop@CnCom.Id807035.CalArbAll2@58602,Trader
Prop*52013139*CnCom.Id807035.CalArbAll2*DLp@Prop@CnCom.Id807035.CalArbAll2@58613,DLp@Prop@CnCom.Id807035.CalArbAll2@58613,Trader
Prop*11180050,11180050,Account
Prop*11180050*Id807046.TtTf_All_V8L1,Id807046.TtTf_All_V8L1,Strategy
Prop*11180050*Id807046.TtTf_All_V8L1*TT_TF@Prop@Id807046.TtTf_All_V8L1@58202,TT_TF@Prop@Id807046.TtTf_All_V8L1@58202,Trader
Prop*11180050*Id807046.TtTf_All_V8L1*TF_TT@Prop@Id807046.TtTf_All_V8L1@58201,TF_TT@Prop@Id807046.TtTf_All_V8L1@58201,Trader
Prop*11180050*CnCom.Id807035.CnOil_All,CnCom.Id807035.CnOil_All,Strategy
Prop*11180050*CnCom.Id807035.CnOil_All*SQfu_SQbu@Prop@CnCom.Id807035.CnOil_All@30501,SQfu_SQbu@Prop@CnCom.Id807035.CnOil_All@30501,Trader
Prop*11180050*Id807046.TtTf_All_V5L1,Id807046.TtTf_All_V5L1,Strategy
Prop*11180050*Id807046.TtTf_All_V5L1*TT_TF@Prop@Id807046.TtTf_All_V5L1@58102,TT_TF@Prop@Id807046.TtTf_All_V5L1@58102,Trader
Prop*11180050*Id807046.TtTf_All_V5L1*TF_TT@Prop@Id807046.TtTf_All_V5L1@58101,TF_TT@Prop@Id807046.TtTf_All_V5L1@58101,Trader
Prop*11180050*CnBond.Id807036.TTTF,CnBond.Id807036.TTTF,Strategy
Prop*11180050*CnBond.Id807036.TTTF*TT_TF@Prop@CnBond.Id807036.TTTF@58901,TT_TF@Prop@CnBond.Id807036.TTTF@58901,Trader
ShengShiZhongHang1,ShengShiZhongHang1,Fund
ShengShiZhongHang1*10000101,10000101,Account
ShengShiZhongHang1*10000101*CnCom.Id007929_T2N_FuSc,CnCom.Id007929_T2N_FuSc,Strategy
ShengShiZhongHang1*10000101*CnCom.Id007929_T2N_FuSc*SQfu_SQsc@ShengShiZhongHang1@CnCom.Id007929_T2N_FuSc@21101,SQfu_SQsc@ShengShiZhongHang1@CnCom.Id007929_T2N_FuSc@21101,Trader
KaiYuan1,KaiYuan1,Fund
KaiYuan1*777017,777017,Account
KaiYuan1*777017*CSI.Id807050.CsiCalDM4,CSI.Id807050.CsiCalDM4,Strategy
KaiYuan1*777017*CSI.Id807050.CsiCalDM4*CSI300@KaiYuan1@CSI.Id807050.CsiCalDM4@60902,CSI300@KaiYuan1@CSI.Id807050.CsiCalDM4@60902,Trader
KaiYuan1*777017*CnCom.Id807045.IhIfGlb_MRS,CnCom.Id807045.IhIfGlb_MRS,Strategy
KaiYuan1*777017*CnCom.Id807045.IhIfGlb_MRS*SSE50_SgxCN@KaiYuan1@CnCom.Id807045.IhIfGlb_MRS@60115,SSE50_SgxCN@KaiYuan1@CnCom.Id807045.IhIfGlb_MRS@60115,Trader
KaiYuan1*777017*CnCom.Id807045.IhIfGlb_MRS*SSE50_HHI@KaiYuan1@CnCom.Id807045.IhIfGlb_MRS@60110,SSE50_HHI@KaiYuan1@CnCom.Id807045.IhIfGlb_MRS@60110,Trader
KaiYuan1*777017*CnCom.Id807012.CnOilS2L1,CnCom.Id807012.CnOilS2L1,Strategy
KaiYuan1*777017*CnCom.Id807012.CnOilS2L1*SQfu_SQsc@KaiYuan1@CnCom.Id807012.CnOilS2L1@61223,SQfu_SQsc@KaiYuan1@CnCom.Id807012.CnOilS2L1@61223,Trader
Prop3,Prop3,Fund
Prop3*11180151,11180151,Account
Prop3*11180151*Id807045.CnC2Oil_L1,Id807045.CnC2Oil_L1,Strategy
Prop3*11180151*Id807045.CnC2Oil_L1*ZZTA_BZ@Prop3@Id807045.CnC2Oil_L1@30313,ZZTA_BZ@Prop3@Id807045.CnC2Oil_L1@30313,Trader
Prop3*11180151*Id807045.CnC2Oil_L1*ZZTA_CL@Prop3@Id807045.CnC2Oil_L1@30315,ZZTA_CL@Prop3@Id807045.CnC2Oil_L1@30315,Trader
Prop3*11180151*Id807045.CnC2Oil_L1*DLl_BZ@Prop3@Id807045.CnC2Oil_L1@30303,DLl_BZ@Prop3@Id807045.CnC2Oil_L1@30303,Trader
Prop3*11180151*Id807045.CnC2Oil_L1*ZZFG_CL@Prop3@Id807045.CnC2Oil_L1@30309,ZZFG_CL@Prop3@Id807045.CnC2Oil_L1@30309,Trader
Prop3*11180151*Id807045.CnC2Oil_L1*ZZTA_BZ@Prop3@Id807045.CnC2Oil_L1@30314,ZZTA_BZ@Prop3@Id807045.CnC2Oil_L1@30314,Trader
Prop3*11180151*Id807045.CnC2Oil_L1*ZZFG_BZ@Prop3@Id807045.CnC2Oil_L1@30308,ZZFG_BZ@Prop3@Id807045.CnC2Oil_L1@30308,Trader
Prop3*11180151*Id807045.CnC2Oil_L1*ZZFG_CL@Prop3@Id807045.CnC2Oil_L1@30310,ZZFG_CL@Prop3@Id807045.CnC2Oil_L1@30310,Trader
Prop3*11180151*Id807045.CnC2Oil_L1*ZZTA_CL@Prop3@Id807045.CnC2Oil_L1@30316,ZZTA_CL@Prop3@Id807045.CnC2Oil_L1@30316,Trader
Prop3*11180151*Id807045.CnC2Oil_L1*DLl_BZ@Prop3@Id807045.CnC2Oil_L1@30304,DLl_BZ@Prop3@Id807045.CnC2Oil_L1@30304,Trader
Prop3*11180151*Id807045.CnC2Oil_L1*ZZFG_BZ@Prop3@Id807045.CnC2Oil_L1@30307,ZZFG_BZ@Prop3@Id807045.CnC2Oil_L1@30307,Trader
Prop3*11180151*Id807045.BuFu3_V5L1,Id807045.BuFu3_V5L1,Strategy
Prop3*11180151*Id807045.BuFu3_V5L1*SQfu_CL@Prop3@Id807045.BuFu3_V5L1@29814,SQfu_CL@Prop3@Id807045.BuFu3_V5L1@29814,Trader
Prop3*11180151*Id807045.BuFu3_V5L1*SQfu_BZ@Prop3@Id807045.BuFu3_V5L1@29811,SQfu_BZ@Prop3@Id807045.BuFu3_V5L1@29811,Trader
Prop3*11180151*Id807045.BuFu3_V5L1*SQbu_BZ@Prop3@Id807045.BuFu3_V5L1@29802,SQbu_BZ@Prop3@Id807045.BuFu3_V5L1@29802,Trader
Prop3*11180151*Id807045.BuFu3_V5L1*SQbu_CL@Prop3@Id807045.BuFu3_V5L1@29804,SQbu_CL@Prop3@Id807045.BuFu3_V5L1@29804,Trader
Prop3*11180151*Id807045.BuFu3_V5L1*SQbu_CL@Prop3@Id807045.BuFu3_V5L1@29805,SQbu_CL@Prop3@Id807045.BuFu3_V5L1@29805,Trader
Prop3*11180151*Id807045.BuFu3_V5L1*SQfu_BZ@Prop3@Id807045.BuFu3_V5L1@29810,SQfu_BZ@Prop3@Id807045.BuFu3_V5L1@29810,Trader
Prop3*11180151*Id807045.BuFu3_V5L1*SQbu_BZ@Prop3@Id807045.BuFu3_V5L1@29801,SQbu_BZ@Prop3@Id807045.BuFu3_V5L1@29801,Trader
Prop3*11180151*Id807045.BuFu3_V5L1*SQfu_CL@Prop3@Id807045.BuFu3_V5L1@29813,SQfu_CL@Prop3@Id807045.BuFu3_V5L1@29813,Trader
Prop3*11180151*CnCom.Id807012.BuFu3_V5L1N,CnCom.Id807012.BuFu3_V5L1N,Strategy
Prop3*11180151*CnCom.Id807012.BuFu3_V5L1N*SQfu_BZ@Prop3@CnCom.Id807012.BuFu3_V5L1N@30410,SQfu_BZ@Prop3@CnCom.Id807012.BuFu3_V5L1N@30410,Trader
Prop3*11180151*CnCom.Id807012.BuFu3_V5L1N*SQfu_CL@Prop3@CnCom.Id807012.BuFu3_V5L1N@30414,SQfu_CL@Prop3@CnCom.Id807012.BuFu3_V5L1N@30414,Trader
Prop3*11180151*CnCom.Id807012.BuFu3_V5L1N*SQfu_BZ@Prop3@CnCom.Id807012.BuFu3_V5L1N@30411,SQfu_BZ@Prop3@CnCom.Id807012.BuFu3_V5L1N@30411,Trader
Prop3*11180151*CnCom.Id807012.BuFu3_V5L1N*SQfu_CL@Prop3@CnCom.Id807012.BuFu3_V5L1N@30413,SQfu_CL@Prop3@CnCom.Id807012.BuFu3_V5L1N@30413,Trader
Prop3*11180151*Id807045.CnC2Oil_L1N,Id807045.CnC2Oil_L1N,Strategy
Prop3*11180151*Id807045.CnC2Oil_L1N*ZZFG_CL@Prop3@Id807045.CnC2Oil_L1N@30309,ZZFG_CL@Prop3@Id807045.CnC2Oil_L1N@30309,Trader
Prop3*11180151*Id807045.CnC2Oil_L1N*ZZFG_CL@Prop3@Id807045.CnC2Oil_L1N@30310,ZZFG_CL@Prop3@Id807045.CnC2Oil_L1N@30310,Trader
Prop3*11180151*CnCom.Id807012.BuFu3_V5L1,CnCom.Id807012.BuFu3_V5L1,Strategy
Prop3*11180151*CnCom.Id807012.BuFu3_V5L1*SQfu_CL@Prop3@CnCom.Id807012.BuFu3_V5L1@30414,SQfu_CL@Prop3@CnCom.Id807012.BuFu3_V5L1@30414,Trader
Prop3*11180151*CnCom.Id807012.BuFu3_V5L1*SQfu_BZ@Prop3@CnCom.Id807012.BuFu3_V5L1@30410,SQfu_BZ@Prop3@CnCom.Id807012.BuFu3_V5L1@30410,Trader
Prop3*11180151*CnCom.Id807012.BuFu3_V5L1*SQbu_CL@Prop3@CnCom.Id807012.BuFu3_V5L1@30404,SQbu_CL@Prop3@CnCom.Id807012.BuFu3_V5L1@30404,Trader
Prop3*11180151*CnCom.Id807012.BuFu3_V5L1*SQfu_BZ@Prop3@CnCom.Id807012.BuFu3_V5L1@30411,SQfu_BZ@Prop3@CnCom.Id807012.BuFu3_V5L1@30411,Trader
Prop3*11180151*CnCom.Id807012.BuFu3_V5L1*SQbu_BZ@Prop3@CnCom.Id807012.BuFu3_V5L1@30401,SQbu_BZ@Prop3@CnCom.Id807012.BuFu3_V5L1@30401,Trader
Prop3*11180151*CnCom.Id807012.BuFu3_V5L1*SQfu_CL@Prop3@CnCom.Id807012.BuFu3_V5L1@30413,SQfu_CL@Prop3@CnCom.Id807012.BuFu3_V5L1@30413,Trader
Prop3*11180151*CnCom.Id807012.BuFu3_V5L1*SQbu_BZ@Prop3@CnCom.Id807012.BuFu3_V5L1@30402,SQbu_BZ@Prop3@CnCom.Id807012.BuFu3_V5L1@30402,Trader
Prop3*11180151*CnCom.Id807012.BuFu3_V5L1*SQbu_CL@Prop3@CnCom.Id807012.BuFu3_V5L1@30405,SQbu_CL@Prop3@CnCom.Id807012.BuFu3_V5L1@30405,Trader
Prop3*11180151*Id807045.BuFu3_V5L1N,Id807045.BuFu3_V5L1N,Strategy
Prop3*11180151*Id807045.BuFu3_V5L1N*SQfu_CL@Prop3@Id807045.BuFu3_V5L1N@29814,SQfu_CL@Prop3@Id807045.BuFu3_V5L1N@29814,Trader
Prop3*11180151*Id807045.BuFu3_V5L1N*SQfu_CL@Prop3@Id807045.BuFu3_V5L1N@29813,SQfu_CL@Prop3@Id807045.BuFu3_V5L1N@29813,Trader
Prop3*11180151*Id807045.BuFu3_V5L1N*SQfu_BZ@Prop3@Id807045.BuFu3_V5L1N@29811,SQfu_BZ@Prop3@Id807045.BuFu3_V5L1N@29811,Trader
Prop3*11180151*Id807045.BuFu3_V5L1N*SQfu_BZ@Prop3@Id807045.BuFu3_V5L1N@29810,SQfu_BZ@Prop3@Id807045.BuFu3_V5L1N@29810,Trader
KangQianHuiChong6,KangQianHuiChong6,Fund
KangQianHuiChong6*817518,817518,Account
KangQianHuiChong6*817518*CnCom.Id807045.IhIfGlb_MRS,CnCom.Id807045.IhIfGlb_MRS,Strategy
KangQianHuiChong6*817518*CnCom.Id807045.IhIfGlb_MRS*CSI300_SgxCN@KangQianHuiChong6@CnCom.Id807045.IhIfGlb_MRS@60107,CSI300_SgxCN@KangQianHuiChong6@CnCom.Id807045.IhIfGlb_MRS@60107,Trader
KangQianHuiChong6*817518*CnCom.Id807045.IhIfGlb_MRS*SSE50_SgxCN@KangQianHuiChong6@CnCom.Id807045.IhIfGlb_MRS@60115,SSE50_SgxCN@KangQianHuiChong6@CnCom.Id807045.IhIfGlb_MRS@60115,Trader
KangQianHuiChong6*817518*CnCom.Id807045.IhIfGlb_MRS*CSI300_HHI@KangQianHuiChong6@CnCom.Id807045.IhIfGlb_MRS@60101,CSI300_HHI@KangQianHuiChong6@CnCom.Id807045.IhIfGlb_MRS@60101,Trader
KangQianHuiChong6*817518*CnCom.Id807045.IhIfGlb_MRS*SSE50_HHI@KangQianHuiChong6@CnCom.Id807045.IhIfGlb_MRS@60110,SSE50_HHI@KangQianHuiChong6@CnCom.Id807045.IhIfGlb_MRS@60110,Trader
KangQianHuiChong6*817518*CnCom.Id807012.IhIfGlbL1,CnCom.Id807012.IhIfGlbL1,Strategy
KangQianHuiChong6*817518*CnCom.Id807012.IhIfGlbL1*SSE50_SgxCN@KangQianHuiChong6@CnCom.Id807012.IhIfGlbL1@60232,SSE50_SgxCN@KangQianHuiChong6@CnCom.Id807012.IhIfGlbL1@60232,Trader
KangQianHuiChong6*817518*CnCom.Id807012.IhIfGlbL1*CSI300_SgxCN@KangQianHuiChong6@CnCom.Id807012.IhIfGlbL1@60214,CSI300_SgxCN@KangQianHuiChong6@CnCom.Id807012.IhIfGlbL1@60214,Trader
KangQianHuiChong6*817518*CSI.Id807050.CsiCalDM4,CSI.Id807050.CsiCalDM4,Strategy
KangQianHuiChong6*817518*CSI.Id807050.CsiCalDM4*CSI300@KangQianHuiChong6@CSI.Id807050.CsiCalDM4@60902,CSI300@KangQianHuiChong6@CSI.Id807050.CsiCalDM4@60902,Trader
Prop6,Prop6,Fund
Prop6*00001076,00001076,Account
Prop6*00001076*CnCom.Id807045.IhIfIcIdxL1R,CnCom.Id807045.IhIfIcIdxL1R,Strategy
Prop6*00001076*CnCom.Id807045.IhIfIcIdxL1R*SgxCN_IdxsSse50@Prop6@CnCom.Id807045.IhIfIcIdxL1R@26608,SgxCN_IdxsSse50@Prop6@CnCom.Id807045.IhIfIcIdxL1R@26608,Trader
Prop6*00001076*Cn.Id807012.VsIdxL1,Cn.Id807012.VsIdxL1,Strategy
Prop6*00001076*Cn.Id807012.VsIdxL1*HHI_IdxHhi@Prop6@Cn.Id807012.VsIdxL1@26701,HHI_IdxHhi@Prop6@Cn.Id807012.VsIdxL1@26701,Trader
Prop6*00001076*CnCom.Id807045.VsIdxHhiL1,CnCom.Id807045.VsIdxHhiL1,Strategy
Prop6*00001076*CnCom.Id807045.VsIdxHhiL1*HHI_IdxHhi@Prop6@CnCom.Id807045.VsIdxHhiL1@60802,HHI_IdxHhi@Prop6@CnCom.Id807045.VsIdxHhiL1@60802,Trader
Prop5,Prop5,Fund
Prop5*1803801,1803801,Account
Prop5*1803801*CnCom.Id807045.WxNiS2L1,CnCom.Id807045.WxNiS2L1,Strategy
Prop5*1803801*CnCom.Id807045.WxNiS2L1*WxNi_SQni@Prop5@CnCom.Id807045.WxNiS2L1@61811,WxNi_SQni@Prop5@CnCom.Id807045.WxNiS2L1@61811,Trader
Prop5*1803801*CnCom.Id807045.WxNiS2L1*WxNi_SQni@Prop5@CnCom.Id807045.WxNiS2L1@61810,WxNi_SQni@Prop5@CnCom.Id807045.WxNiS2L1@61810,Trader
Prop5*1803801*CnCom.Id807045.WxNiS2L1*WxNi_SQni@Prop5@CnCom.Id807045.WxNiS2L1@61812,WxNi_SQni@Prop5@CnCom.Id807045.WxNiS2L1@61812,Trader
Prop5*11180151 - 180380,11180151 - 180380,Account
Prop5*11180151 - 180380*CnCom.Id807012.SQniWxNi,CnCom.Id807012.SQniWxNi,Strategy
Prop5*11180151 - 180380*CnCom.Id807012.SQniWxNi*SQni_WxNi@Prop5@CnCom.Id807012.SQniWxNi@58803,SQni_WxNi@Prop5@CnCom.Id807012.SQniWxNi@58803,Trader
Prop5*11180151 - 180380*CnCom.Id807012.SQniWxNi*SQni_WxNi@Prop5@CnCom.Id807012.SQniWxNi@58801,SQni_WxNi@Prop5@CnCom.Id807012.SQniWxNi@58801,Trader
Prop5*11180151 - 180380*CnCom.Id807012.SQniWxNi*SQni_WxNi@Prop5@CnCom.Id807012.SQniWxNi@58805,SQni_WxNi@Prop5@CnCom.Id807012.SQniWxNi@58805,Trader
Prop5*11180151 - 180380*CnCom.Id807012.SQniWxNi*SQni_WxNi@Prop5@CnCom.Id807012.SQniWxNi@58802-2,SQni_WxNi@Prop5@CnCom.Id807012.SQniWxNi@58802-2,Trader
Prop5*11180151 - 180380*CnCom.Id807012.SQniWxNi*SQni_WxNi@Prop5@CnCom.Id807012.SQniWxNi@58804,SQni_WxNi@Prop5@CnCom.Id807012.SQniWxNi@58804,Trader
Prop5*11180151 - 180380*CnCom.Id807012.SQniWxNi*SQni_WxNi@Prop5@CnCom.Id807012.SQniWxNi@58803-2,SQni_WxNi@Prop5@CnCom.Id807012.SQniWxNi@58803-2,Trader
Prop5*11180151 - 180380*CnCom.Id807012.SQniWxNi*SQni_WxNi@Prop5@CnCom.Id807012.SQniWxNi@58802,SQni_WxNi@Prop5@CnCom.Id807012.SQniWxNi@58802,Trader
Prop5*727393,727393,Account
Prop5*727393*Id807045_WxNi_V7L1N,Id807045_WxNi_V7L1N,Strategy
Prop5*727393*Id807045_WxNi_V7L1N*WxNi_SQni@Prop5@Id807045_WxNi_V7L1N@58402_Test,WxNi_SQni@Prop5@Id807045_WxNi_V7L1N@58402_Test,Trader
Prop5*727393*Id807045_WxNi_V7L1N*WxNi_SQni@Prop5@Id807045_WxNi_V7L1N@58401_Test,WxNi_SQni@Prop5@Id807045_WxNi_V7L1N@58401_Test,Trader
Prop5*1803801 - 727393,1803801 - 727393,Account
Prop5*1803801 - 727393*Id807045_WxNi_V7L1,Id807045_WxNi_V7L1,Strategy
Prop5*1803801 - 727393*Id807045_WxNi_V7L1*WxNi_SQni@Prop5@Id807045_WxNi_V7L1@58401_1,WxNi_SQni@Prop5@Id807045_WxNi_V7L1@58401_1,Trader
Prop5*1803801 - 727393*Id807045_WxNi_V7L1*WxNi_SQni@Prop5@Id807045_WxNi_V7L1@58402_Test,WxNi_SQni@Prop5@Id807045_WxNi_V7L1@58402_Test,Trader
Prop5*1803801 - 727393*Id807045_WxNi_V7L1*WxNi_SQni@Prop5@Id807045_WxNi_V7L1@58401_Test,WxNi_SQni@Prop5@Id807045_WxNi_V7L1@58401_Test,Trader
Prop5*11180151 - 1803801 - 1803802,11180151 - 1803801 - 1803802,Account
Prop5*11180151 - 1803801 - 1803802*CnCom.Id807012.WxNiQSL1,CnCom.Id807012.WxNiQSL1,Strategy
Prop5*11180151 - 1803801 - 1803802*CnCom.Id807012.WxNiQSL1*SQni_WxNi@Prop5@CnCom.Id807012.WxNiQSL1@60406,SQni_WxNi@Prop5@CnCom.Id807012.WxNiQSL1@60406,Trader
Prop5*11180151 - 1803801 - 1803802*CnCom.Id807012.WxNiQSL1*WxNi_SQni@Prop5@CnCom.Id807012.WxNiQSL1@60412,WxNi_SQni@Prop5@CnCom.Id807012.WxNiQSL1@60412,Trader
KangQian11,KangQian11,Fund
KangQian11*819236,819236,Account
KangQian11*819236*CnCom.Id807045.IhIfGlb_MRS,CnCom.Id807045.IhIfGlb_MRS,Strategy
KangQian11*819236*CnCom.Id807045.IhIfGlb_MRS*SSE50_SgxCN@KangQian11@CnCom.Id807045.IhIfGlb_MRS@60115,SSE50_SgxCN@KangQian11@CnCom.Id807045.IhIfGlb_MRS@60115,Trader
KangQian11*819236*CnCom.Id807045.IhIfGlb_MRS*CSI300_SgxCN@KangQian11@CnCom.Id807045.IhIfGlb_MRS@60107,CSI300_SgxCN@KangQian11@CnCom.Id807045.IhIfGlb_MRS@60107,Trader
KangQian11*819236*CnCom.Id807012.IhIfGlbL1,CnCom.Id807012.IhIfGlbL1,Strategy
KangQian11*819236*CnCom.Id807012.IhIfGlbL1*SSE50_SgxCN@KangQian11@CnCom.Id807012.IhIfGlbL1@60231,SSE50_SgxCN@KangQian11@CnCom.Id807012.IhIfGlbL1@60231,Trader
KangQian11*819236*CnCom.Id807012.CnOilS2L1,CnCom.Id807012.CnOilS2L1,Strategy
KangQian11*819236*CnCom.Id807012.CnOilS2L1*SQfu_SQsc@KangQian11@CnCom.Id807012.CnOilS2L1@61223,SQfu_SQsc@KangQian11@CnCom.Id807012.CnOilS2L1@61223,Trader
